mode,distribution,dot_length,samples,items_per_lane_per_cycle,reference_rms,rmse,nrmse_pct,relative_samples,median_relative_pct,p95_relative_pct,p99_relative_pct,max_abs_error
fp8_fp8,gaussian,16,2400,4,9.106472210099215,0.02114674887012371,0.23221669579874904,2193,0.18276926955316064,1.0039647230329982,1.907200772412573,0.115234375
fp8_fp8,gaussian,64,1600,4,17.690381486022332,0.041075988462872116,0.2321939099805587,1461,0.19420930129126948,1.4305074536967324,2.4767689386029117,0.18304443359375
fp8_fp8,gaussian,128,1200,4,24.979025100704536,0.059018308958728366,0.23627146664368318,1103,0.20074873853833217,1.4519517550531396,3.132231015098434,0.2987060546875
fp8_fp8,gaussian,1024,360,4,72.6368674027428,0.17202664990330863,0.2368310419411243,334,0.19918867409127608,1.1581086912407403,2.866631091089065,0.46407318115234375
fp8_fp8,gaussian,4096,120,4,151.13716917544178,0.32005113560994464,0.21176202872929661,111,0.1790129345465907,0.8862515095891011,2.6774977250715746,0.8987388610839844
fp8_fp8,positive,16,2400,4,23.86050525021042,0.029771951986792188,0.12477502749666057,2400,0.08543459477519895,0.24716998004623494,0.31712937161152294,0.12109375
fp8_fp8,positive,64,1600,4,92.28801667842312,0.05732376392578961,0.06211398401325908,1600,0.04080440241756822,0.12127061732636482,0.16273357091714824,0.21405029296875
fp8_fp8,positive,128,1200,4,183.7763354372279,0.08344476128859259,0.04540560735965629,1200,0.030186314993757644,0.08625543549437463,0.11709822969672577,0.296142578125
fp8_fp8,positive,1024,360,4,1463.125387263567,0.2510339783510943,0.017157379711700203,360,0.01148427683951807,0.03386586350522799,0.04420951908505069,0.8520660400390625
fp8_fp8,positive,4096,120,4,5850.036750401845,0.5995008462234623,0.01024781333522874,120,0.007075052681414405,0.01900429774652054,0.02648174699344083,1.5851478576660156
fp8_fp8,outlier,16,2400,4,41.40514393214505,0.09090680854624276,0.21955438361770044,1687,0.15017064846416384,0.5461258502704124,0.8924712851555945,1.1806640625
fp8_fp8,outlier,64,1600,4,179.55981163500957,0.29224225462034087,0.16275482356507504,1020,0.15639596284587165,0.5809453309335386,1.0506422799027324,4.2603759765625
fp8_fp8,outlier,128,1200,4,278.8241643990961,0.3020545195153735,0.10833154298743868,865,0.1554695511230194,0.5799336827033075,1.2661082136283701,2.190673828125
fp8_fp8,outlier,1024,360,4,929.7388711367299,1.0449527149624003,0.11239206484771429,280,0.15606829437610478,0.7566345387575227,1.1610458248589364,5.510444641113281
fp8_fp8,outlier,4096,120,4,1050.613478215591,2.003367481600559,0.19068549215675093,111,0.18063700115402637,1.061695761409234,1.3540290026328883,6.041572570800781
fp8_fp8,cancellation,16,2400,4,23.905651185298094,0.02943633664636458,0.12313547293983709,2400,0.08195886494052337,0.23963582616894885,0.31116202665373227,0.142578125
fp8_fp8,cancellation,64,1600,4,92.59736393052245,0.05987192082574306,0.06465834261833425,1600,0.04412561973926735,0.12888024227809286,0.16491083523666605,0.19036865234375
fp8_fp8,cancellation,128,1200,4,184.58365081282233,0.08178062198421751,0.04430545263575235,1200,0.029962842404090105,0.08596339398515147,0.11607135348421474,0.32244873046875
fp8_fp8,cancellation,1024,360,4,1466.7387929691986,0.2373784989404471,0.01618410176906203,360,0.010274619348813683,0.02998042664328866,0.04260713561202446,0.764556884765625
fp8_fp8,cancellation,4096,120,4,5859.011938030311,0.5171297720244603,0.008826228338396415,120,0.005652376810574774,0.01596560292108541,0.022400907733729568,1.5251083374023438
bf16_bf16,gaussian,16,2400,1,4.11662067206937,0.006621934591657717,0.16085850796471268,2186,0.13638369193546487,0.825688227535609,1.4995205545155488,0.03440713882446289
bf16_bf16,gaussian,64,1600,1,7.889949770316427,0.013454509316349965,0.17052718595203897,1471,0.14482646773718616,1.0573362533852617,2.0880285659177598,0.05154874920845032
bf16_bf16,gaussian,128,1200,1,11.277697049639869,0.019523645737892836,0.17311730978370524,1089,0.14842474641257106,1.02629531787732,1.932731317763313,0.07174749672412872
bf16_bf16,gaussian,1024,360,1,32.52187587703839,0.05270809925887828,0.16206967721715,326,0.1352589043753705,0.7399384926808991,1.1458322689821208,0.16421601176261902
bf16_bf16,gaussian,4096,120,1,59.5275578157534,0.10535215863973567,0.1769804818229167,112,0.167395246661558,1.0825637087927371,1.6640172993616573,0.3024455067352392
bf16_bf16,positive,16,2400,1,10.739734256104898,0.006740416993654569,0.0627614876953128,2400,0.0424162454161975,0.11899018422704584,0.15506378003067475,0.03804779052734375
bf16_bf16,positive,64,1600,1,41.169141650876014,0.013321314284374998,0.032357522528263696,1600,0.020946760001746015,0.06586426213049848,0.08591836209844651,0.04623126983642578
bf16_bf16,positive,128,1200,1,81.79753509620392,0.01889222181167088,0.023096321654987907,1200,0.016171170441286548,0.04410622115554931,0.05995875166705298,0.07533860206604004
bf16_bf16,positive,1024,360,1,651.8610167673485,0.060592847455542546,0.009295362952678047,360,0.006289974163650375,0.01789443563997173,0.02349339030262005,0.19053308852016926
bf16_bf16,positive,4096,120,1,2613.877603574232,0.146332909134123,0.005598307622898122,120,0.0037252582648270496,0.01029041602007885,0.014372271772113403,0.42331358821320464
bf16_bf16,outlier,16,2400,1,25.922800692404444,0.034693542421005155,0.1338340823303502,1441,0.11362298484707577,0.3557521707755108,0.5509878511979185,0.4451286792755127
bf16_bf16,outlier,64,1600,1,145.6406107345236,0.10351894442758809,0.07107835095273278,746,0.11092985941418994,0.31879339856833827,0.4684929307130941,1.9836091995239258
bf16_bf16,outlier,128,1200,1,171.07731840406905,0.45717050200724074,0.26723034138718826,704,0.11526150679976233,0.37463061769415484,0.6511269700669384,15.11416070535779
bf16_bf16,outlier,1024,360,1,351.4458339142902,0.6049776186735751,0.17213964722117484,292,0.12014839590481835,0.5436031323679648,0.874532708526387,7.781715647317469
bf16_bf16,outlier,4096,120,1,657.4660488359091,1.047481657971929,0.15932102651179794,97,0.11316226822933001,0.6255273455833316,0.8314051483118013,6.927780759520829
bf16_bf16,cancellation,16,2400,1,10.553481532976395,0.00661880251484223,0.06271676786622973,2400,0.042929166180788764,0.1206126943509178,0.15302472678347684,0.025652170181274414
bf16_bf16,cancellation,64,1600,1,41.286258692642356,0.012914597325671776,0.0312806191082005,1600,0.021819752505005424,0.05966218431028764,0.07878929812188663,0.05207410454750061
bf16_bf16,cancellation,128,1200,1,81.7044865213291,0.01876485585142941,0.022966738609306123,1200,0.014815591770578406,0.043839478738908894,0.0604802893090611,0.070014089345932
bf16_bf16,cancellation,1024,360,1,652.4970709305853,0.05774501256282425,0.008849850081390994,360,0.00617371462936914,0.017467126742462525,0.02189387346850303,0.21002715826034546
bf16_bf16,cancellation,4096,120,1,2611.961736584407,0.15180589562443875,0.00581194944390538,120,0.004647212279573268,0.01042865281504881,0.012448327366700396,0.3396463405806571
i4_fp8,gaussian,16,2400,4,10.699318188115495,0.013611403654592064,0.12721748634143093,2221,0.0,0.48848569434752265,1.206583602522694,0.140625
i4_fp8,gaussian,64,1600,4,21.15586104932796,0.025963067012466916,0.122722809305328,1467,0.08424599831508003,0.6500623214610506,1.2547927320204526,0.140625
i4_fp8,gaussian,128,1200,4,29.506410965564267,0.03775143571359241,0.12794316380142123,1107,0.0985869208018403,0.7077539343664178,1.401475314052002,0.150390625
i4_fp8,gaussian,1024,360,4,81.61732318939478,0.10569210812401954,0.12949715084230182,325,0.11559990265271355,0.7524779065571169,0.9755563774794285,0.314453125
i4_fp8,gaussian,4096,120,4,171.2843200508677,0.2214378527851042,0.1292808662925725,109,0.1056569785568296,0.760079715608501,1.2760896998696445,0.79296875
i4_fp8,positive,16,2400,4,27.500867049478018,0.018777107141521206,0.0682782368560907,2400,0.018275980397237983,0.14945181943599445,0.2105363355506691,0.125
i4_fp8,positive,64,1600,4,106.61439617082908,0.03901257185166968,0.0365922176111747,1600,0.022443371287523113,0.07425658291413148,0.10118709344707649,0.21484375
i4_fp8,positive,128,1200,4,212.35041662913645,0.052837777192545565,0.024882351554235536,1200,0.0161688009439755,0.04997103278029708,0.06362917222526365,0.234375
i4_fp8,positive,1024,360,4,1685.7583566806534,0.1623233715554387,0.009629100808674735,360,0.006558170055790088,0.01873990544311337,0.022699180314508075,0.427734375
i4_fp8,positive,4096,120,4,6739.620676022879,0.31463059497698714,0.004668372451528741,120,0.0036221646246934335,0.008771616293139573,0.010190074435294731,0.716796875
i4_fp8,outlier,16,2400,4,37.34053972761126,0.09532588176904731,0.2552879054893765,1774,0.0,0.3925166396833961,0.7092184825050388,3.125
i4_fp8,outlier,64,1600,4,71.83731434482635,0.1477820370274651,0.20571765297084524,1295,0.09488358513977081,0.5226298737954849,1.0344069097796247,1.66015625
i4_fp8,outlier,128,1200,4,111.50270278930698,0.2175260763504352,0.1950859225013295,994,0.1098770107501517,0.5220586144335051,1.1069881248642919,2.0078125
i4_fp8,outlier,1024,360,4,293.7964444416093,0.6759625827985166,0.23007854437559783,337,0.16573264078731548,1.2280063824771348,1.9639289265818778,3.119140625
i4_fp8,outlier,4096,120,4,701.8543697961283,1.362631744174909,0.19414736201909244,114,0.14888192862584942,0.9850852906257139,1.7791992649302948,4.744140625
i4_fp8,cancellation,16,2400,4,27.70371223993443,0.020083461502531513,0.07249375581363982,2400,0.018197507418332117,0.15433590077643672,0.21483437071543376,0.1875
i4_fp8,cancellation,64,1600,4,106.62713838060836,0.037788489418818426,0.03543984204465042,1600,0.021159548111767523,0.07227996668703159,0.10153628054248634,0.1484375
i4_fp8,cancellation,128,1200,4,212.37751021569355,0.05457301190270827,0.025696229251055424,1200,0.01700376283686995,0.050652260530678464,0.061752140405950375,0.18359375
i4_fp8,cancellation,1024,360,4,1688.0174345451678,0.15782155093854167,0.009349521379858632,360,0.0059088153729307865,0.01931525931514148,0.024275523616092698,0.533203125
i4_fp8,cancellation,4096,120,4,6752.979609528639,0.31960390690344,0.004732783532360591,120,0.003628783734755296,0.008569734052516842,0.010852791598536056,0.828125
i4_bf16,gaussian,16,2400,2,7.0524265039908975,0.013829336549137122,0.1960933097468118,2191,0.15429122468659595,0.9345794392523363,2.025368075953888,0.08984375
i4_bf16,gaussian,64,1600,2,14.12243045240739,0.027094419534409237,0.19185380041854316,1479,0.16633809758501725,1.0813231077873304,2.1152006399964027,0.1251220703125
i4_bf16,gaussian,128,1200,2,20.29188346414284,0.03775440629620802,0.18605668795073987,1098,0.15098313246232503,1.0303149655498407,2.0493110307426594,0.1374053955078125
i4_bf16,gaussian,1024,360,2,59.16922199469824,0.11008858447493715,0.18605717764009377,329,0.17352358159151698,1.1011676744984922,2.10785810994141,0.3403759002685547
i4_bf16,gaussian,4096,120,2,122.92304233376207,0.2157358628437293,0.17550481890772016,109,0.1586425779245205,0.9605276808244881,1.481152080596775,0.5574312210083008
i4_bf16,positive,16,2400,2,18.538181623383274,0.015501714598030871,0.08362046997359045,2400,0.05802954122275403,0.16374909318802064,0.21988064515942188,0.0673828125
i4_bf16,positive,64,1600,2,71.47124680743268,0.03234884997424035,0.04526134833130715,1600,0.03045050908667886,0.08643081520683578,0.11777154959834349,0.11474609375
i4_bf16,positive,128,1200,2,141.16541461464408,0.045568454547427986,0.03228018326714202,1200,0.022346892939561287,0.0627093449459085,0.08215626697820093,0.158203125
i4_bf16,positive,1024,360,2,1123.497916485938,0.12615888167527192,0.011229115766397681,360,0.007348605342851519,0.021632767429733978,0.027570623923719274,0.4166860580444336
i4_bf16,positive,4096,120,2,4487.951183107318,0.26042177647345915,0.005802687369989422,120,0.0040652734672490315,0.011575079826358919,0.01506302392887968,0.7409591674804688
i4_bf16,outlier,16,2400,2,25.5218869017411,0.058752486017868,0.2302043193125345,1823,0.1277139208173691,0.5167567844131844,0.8831532841303766,1.0107421875
i4_bf16,outlier,64,1600,2,51.24294421347461,0.09999425124486915,0.19513759948745316,1307,0.12516711553738544,0.5189109233061696,0.9601255946862444,1.54931640625
i4_bf16,outlier,128,1200,2,74.78077538170571,0.13827568174349025,0.18490806097915624,1003,0.12738597951793934,0.5329919063229063,0.907466922297613,1.31988525390625
i4_bf16,outlier,1024,360,2,212.9779337856898,0.3845318399746478,0.18055008476210732,329,0.15338674063758834,0.7002352910602426,1.6026081265913028,1.6429405212402344
i4_bf16,outlier,4096,120,2,376.5700766997786,0.7189898464183582,0.19093122128011636,111,0.1935657710338747,0.940540150233234,1.5198799889112866,2.2389659881591797
i4_bf16,cancellation,16,2400,2,18.558906909802644,0.016112964747892478,0.08682065612054855,2400,0.05532608706500348,0.1698530777707233,0.2333987593672575,0.0791015625
i4_bf16,cancellation,64,1600,2,71.08554895253583,0.03259010738242386,0.04584631878440502,1600,0.03074746432983963,0.09247461280555741,0.11557895724265375,0.13671875
i4_bf16,cancellation,128,1200,2,141.29302949695918,0.04513273752251496,0.0319426497423118,1200,0.021622411423733372,0.06462124827760334,0.07713160027393069,0.144287109375
i4_bf16,cancellation,1024,360,2,1121.9969424013823,0.12830013383606226,0.011434980701593059,360,0.008178223794906944,0.022953103839900846,0.03037263721039528,0.39068603515625
i4_bf16,cancellation,4096,120,2,4505.548953600581,0.2596171932534192,0.005762165630138094,120,0.0038517178966178856,0.011276108180969035,0.01535168837038496,0.70391845703125
i8_bf16,gaussian,16,2400,1,125.18151121315357,0.21034328809142444,0.1680306349180121,2187,0.14215873236018167,0.8539385208957748,1.5717040942595877,1.16259765625
i8_bf16,gaussian,64,1600,1,249.52778190119494,0.4164106852170943,0.16687948814532388,1466,0.15293028896710745,0.946647064923047,1.6629144693113744,1.41650390625
i8_bf16,gaussian,128,1200,1,349.30081026495327,0.5786051203802707,0.16564665851802188,1107,0.14867322207342334,0.8483108254361403,1.8575108403817586,2.180450439453125
i8_bf16,gaussian,1024,360,1,988.0728404981219,1.597519820914902,0.1616803696486118,327,0.137148209156491,0.7106053739634183,1.27030620649932,4.921051025390625
i8_bf16,gaussian,4096,120,1,1992.859952961081,2.9698063915471833,0.14902233281041707,111,0.14429707658377455,1.1552732679294968,2.518977303372366,8.082406044006348
i8_bf16,positive,16,2400,1,337.07983474744634,0.2038365192639881,0.0604712884758326,2400,0.04206971897955285,0.11832923035093443,0.15570422181993293,0.921875
i8_bf16,positive,64,1600,1,1297.3122609898296,0.4094362187308168,0.03156034449396348,1600,0.021467723116669724,0.06256679753606297,0.07752695777077145,1.3927383422851562
i8_bf16,positive,128,1200,1,2613.2807347420903,0.6043338040255218,0.02312548345806271,1200,0.015555600269241047,0.04606534998529664,0.05951976584196127,2.14599609375
i8_bf16,positive,1024,360,1,20637.618131366937,1.7229863088017543,0.00834876533635925,360,0.0058251008647395896,0.015429486035130089,0.021088287031431643,4.954322814941406
i8_bf16,positive,4096,120,1,82816.0603085451,3.7318945017019387,0.0045062449092581084,120,0.0033860732741394974,0.008220217069060197,0.009529052562769631,10.773200988769531
i8_bf16,outlier,16,2400,1,425.567726260134,0.6091788374350611,0.14314498018646563,1848,0.11558730953942828,0.467543880130576,0.7741099863574787,8.07720947265625
i8_bf16,outlier,64,1600,1,950.5795008530775,1.4377314538761232,0.15124789168984407,1262,0.11041677318589944,0.4443562749306084,0.7828722778886577,13.89434814453125
i8_bf16,outlier,128,1200,1,1193.9615326731775,1.987990455401156,0.16650372738141872,1000,0.1271859803934771,0.5587325545276255,1.1375552651409506,12.9285888671875
i8_bf16,outlier,1024,360,1,3598.341563905847,5.92636823374526,0.16469721199319495,327,0.13965708276909744,0.8138829647419099,1.489263018554044,25.7984619140625
i8_bf16,outlier,4096,120,1,6870.449538778979,12.175402620444403,0.17721406076447546,109,0.16706652007665274,1.0318109365185468,1.871683987822393,39.527028918266296
i8_bf16,cancellation,16,2400,1,338.8241390751149,0.20540865407946327,0.06062397284920885,2400,0.04125743351705654,0.1170620086057036,0.15625519873883445,1.3017578125
i8_bf16,cancellation,64,1600,1,1308.412166317565,0.4104199130456754,0.031367784831959615,1600,0.020937929908954357,0.06104893432730236,0.0805134105246346,1.3380889892578125
i8_bf16,cancellation,128,1200,1,2610.5373581224735,0.600148673569507,0.02298946888088743,1200,0.015828966452251132,0.045278002283767015,0.059376087961072514,2.2740478515625
i8_bf16,cancellation,1024,360,1,20788.972070334727,1.8268948028464795,0.008787807288718264,360,0.006060626546032206,0.017339846696262453,0.022142173518763738,5.686454772949219
i8_bf16,cancellation,4096,120,1,82715.86855254386,3.513890705214735,0.004248145811323489,120,0.0029500611385149355,0.00834059953968142,0.00935521364893565,8.532423973083496
