pair,float_tile_ratio,hybrid_overhead_fraction_over_float,separate_area_um2,hybrid_area_um2,hybrid_minus_separate_um2,winner
W4A8 + FP8 E4M3,0.0625,0.0,223.88524007031248,678.314008,454.42876792968747,separate
W4A8 + FP8 E4M3,0.0625,0.05,223.88524007031248,712.2297083999999,488.34446832968746,separate
W4A8 + FP8 E4M3,0.0625,0.1,223.88524007031248,746.1454088,522.2601687296876,separate
W4A8 + FP8 E4M3,0.0625,0.2,223.88524007031248,813.9768095999999,590.0915695296874,separate
W4A8 + FP8 E4M3,0.0625,0.3,223.88524007031248,881.8082104,657.9229703296876,separate
W4A8 + FP8 E4M3,0.0625,0.5,223.88524007031248,1017.471012,793.5857719296876,separate
W4A8 + FP8 E4M3,0.125,0.0,266.2798655703125,678.314008,412.03414242968745,separate
W4A8 + FP8 E4M3,0.125,0.05,266.2798655703125,712.2297083999999,445.94984282968744,separate
W4A8 + FP8 E4M3,0.125,0.1,266.2798655703125,746.1454088,479.86554322968755,separate
W4A8 + FP8 E4M3,0.125,0.2,266.2798655703125,813.9768095999999,547.6969440296874,separate
W4A8 + FP8 E4M3,0.125,0.3,266.2798655703125,881.8082104,615.5283448296875,separate
W4A8 + FP8 E4M3,0.125,0.5,266.2798655703125,1017.471012,751.1911464296875,separate
W4A8 + FP8 E4M3,0.25,0.0,351.0691165703125,678.314008,327.24489142968747,separate
W4A8 + FP8 E4M3,0.25,0.05,351.0691165703125,712.2297083999999,361.16059182968746,separate
W4A8 + FP8 E4M3,0.25,0.1,351.0691165703125,746.1454088,395.07629222968757,separate
W4A8 + FP8 E4M3,0.25,0.2,351.0691165703125,813.9768095999999,462.90769302968744,separate
W4A8 + FP8 E4M3,0.25,0.3,351.0691165703125,881.8082104,530.7390938296876,separate
W4A8 + FP8 E4M3,0.25,0.5,351.0691165703125,1017.471012,666.4018954296876,separate
W4A8 + FP8 E4M3,0.5,0.0,520.6476185703125,678.314008,157.66638942968746,separate
W4A8 + FP8 E4M3,0.5,0.05,520.6476185703125,712.2297083999999,191.58208982968745,separate
W4A8 + FP8 E4M3,0.5,0.1,520.6476185703125,746.1454088,225.49779022968755,separate
W4A8 + FP8 E4M3,0.5,0.2,520.6476185703125,813.9768095999999,293.3291910296874,separate
W4A8 + FP8 E4M3,0.5,0.3,520.6476185703125,881.8082104,361.1605918296875,separate
W4A8 + FP8 E4M3,0.5,0.5,520.6476185703125,1017.471012,496.8233934296875,separate
W4A8 + FP8 E4M3,0.75,0.0,690.2261205703124,678.314008,-11.912112570312502,hybrid
W4A8 + FP8 E4M3,0.75,0.05,690.2261205703124,712.2297083999999,22.00358782968749,separate
W4A8 + FP8 E4M3,0.75,0.1,690.2261205703124,746.1454088,55.919288229687595,separate
W4A8 + FP8 E4M3,0.75,0.2,690.2261205703124,813.9768095999999,123.75068902968746,separate
W4A8 + FP8 E4M3,0.75,0.3,690.2261205703124,881.8082104,191.58208982968756,separate
W4A8 + FP8 E4M3,0.75,0.5,690.2261205703124,1017.471012,327.2448914296875,separate
W4A8 + FP8 E4M3,1.0,0.0,859.8046225703124,678.314008,-181.49061457031246,hybrid
W4A8 + FP8 E4M3,1.0,0.05,859.8046225703124,712.2297083999999,-147.57491417031247,hybrid
W4A8 + FP8 E4M3,1.0,0.1,859.8046225703124,746.1454088,-113.65921377031236,hybrid
W4A8 + FP8 E4M3,1.0,0.2,859.8046225703124,813.9768095999999,-45.82781297031249,hybrid
W4A8 + FP8 E4M3,1.0,0.3,859.8046225703124,881.8082104,22.003587829687604,separate
W4A8 + FP8 E4M3,1.0,0.5,859.8046225703124,1017.471012,157.66638942968757,separate
W8A8 + FP8 E4M3,0.0625,0.0,307.1459763085938,678.314008,371.16803169140616,separate
W8A8 + FP8 E4M3,0.0625,0.05,307.1459763085938,712.2297083999999,405.08373209140615,separate
W8A8 + FP8 E4M3,0.0625,0.1,307.1459763085938,746.1454088,438.99943249140625,separate
W8A8 + FP8 E4M3,0.0625,0.2,307.1459763085938,813.9768095999999,506.8308332914061,separate
W8A8 + FP8 E4M3,0.0625,0.3,307.1459763085938,881.8082104,574.6622340914062,separate
W8A8 + FP8 E4M3,0.0625,0.5,307.1459763085938,1017.471012,710.3250356914061,separate
W8A8 + FP8 E4M3,0.125,0.0,349.54060180859375,678.314008,328.7734061914062,separate
W8A8 + FP8 E4M3,0.125,0.05,349.54060180859375,712.2297083999999,362.6891065914062,separate
W8A8 + FP8 E4M3,0.125,0.1,349.54060180859375,746.1454088,396.6048069914063,separate
W8A8 + FP8 E4M3,0.125,0.2,349.54060180859375,813.9768095999999,464.43620779140616,separate
W8A8 + FP8 E4M3,0.125,0.3,349.54060180859375,881.8082104,532.2676085914063,separate
W8A8 + FP8 E4M3,0.125,0.5,349.54060180859375,1017.471012,667.9304101914063,separate
W8A8 + FP8 E4M3,0.25,0.0,434.3298528085937,678.314008,243.98415519140622,separate
W8A8 + FP8 E4M3,0.25,0.05,434.3298528085937,712.2297083999999,277.8998555914062,separate
W8A8 + FP8 E4M3,0.25,0.1,434.3298528085937,746.1454088,311.8155559914063,separate
W8A8 + FP8 E4M3,0.25,0.2,434.3298528085937,813.9768095999999,379.6469567914062,separate
W8A8 + FP8 E4M3,0.25,0.3,434.3298528085937,881.8082104,447.4783575914063,separate
W8A8 + FP8 E4M3,0.25,0.5,434.3298528085937,1017.471012,583.1411591914062,separate
W8A8 + FP8 E4M3,0.5,0.0,603.9083548085937,678.314008,74.40565319140626,separate
W8A8 + FP8 E4M3,0.5,0.05,603.9083548085937,712.2297083999999,108.32135359140625,separate
W8A8 + FP8 E4M3,0.5,0.1,603.9083548085937,746.1454088,142.23705399140636,separate
W8A8 + FP8 E4M3,0.5,0.2,603.9083548085937,813.9768095999999,210.06845479140623,separate
W8A8 + FP8 E4M3,0.5,0.3,603.9083548085937,881.8082104,277.8998555914063,separate
W8A8 + FP8 E4M3,0.5,0.5,603.9083548085937,1017.471012,413.5626571914063,separate
W8A8 + FP8 E4M3,0.75,0.0,773.4868568085938,678.314008,-95.17284880859381,hybrid
W8A8 + FP8 E4M3,0.75,0.05,773.4868568085938,712.2297083999999,-61.25714840859382,hybrid
W8A8 + FP8 E4M3,0.75,0.1,773.4868568085938,746.1454088,-27.341448008593716,hybrid
W8A8 + FP8 E4M3,0.75,0.2,773.4868568085938,813.9768095999999,40.489952791406154,separate
W8A8 + FP8 E4M3,0.75,0.3,773.4868568085938,881.8082104,108.32135359140625,separate
W8A8 + FP8 E4M3,0.75,0.5,773.4868568085938,1017.471012,243.98415519140622,separate
W8A8 + FP8 E4M3,1.0,0.0,943.0653588085937,678.314008,-264.75135080859377,hybrid
W8A8 + FP8 E4M3,1.0,0.05,943.0653588085937,712.2297083999999,-230.83565040859378,hybrid
W8A8 + FP8 E4M3,1.0,0.1,943.0653588085937,746.1454088,-196.91995000859367,hybrid
W8A8 + FP8 E4M3,1.0,0.2,943.0653588085937,813.9768095999999,-129.0885492085938,hybrid
W8A8 + FP8 E4M3,1.0,0.3,943.0653588085937,881.8082104,-61.25714840859371,hybrid
W8A8 + FP8 E4M3,1.0,0.5,943.0653588085937,1017.471012,74.40565319140626,separate
W4A8 + BF16 (1GHz fail),0.0625,0.0,237.5954476665039,897.6773295390625,660.0818818725586,separate
W4A8 + BF16 (1GHz fail),0.0625,0.05,237.5954476665039,942.5611960160156,704.9657483495117,separate
W4A8 + BF16 (1GHz fail),0.0625,0.1,237.5954476665039,987.4450624929689,749.849614826465,separate
W4A8 + BF16 (1GHz fail),0.0625,0.2,237.5954476665039,1077.212795446875,839.617347780371,separate
W4A8 + BF16 (1GHz fail),0.0625,0.3,237.5954476665039,1166.9805284007814,929.3850807342775,separate
W4A8 + BF16 (1GHz fail),0.0625,0.5,237.5954476665039,1346.5159943085937,1108.92054664209,separate
W4A8 + BF16 (1GHz fail),0.125,0.0,293.7002807626953,897.6773295390625,603.9770487763672,separate
W4A8 + BF16 (1GHz fail),0.125,0.05,293.7002807626953,942.5611960160156,648.8609152533204,separate
W4A8 + BF16 (1GHz fail),0.125,0.1,293.7002807626953,987.4450624929689,693.7447817302736,separate
W4A8 + BF16 (1GHz fail),0.125,0.2,293.7002807626953,1077.212795446875,783.5125146841797,separate
W4A8 + BF16 (1GHz fail),0.125,0.3,293.7002807626953,1166.9805284007814,873.2802476380862,separate
W4A8 + BF16 (1GHz fail),0.125,0.5,293.7002807626953,1346.5159943085937,1052.8157135458985,separate
W4A8 + BF16 (1GHz fail),0.25,0.0,405.9099469550781,897.6773295390625,491.7673825839844,separate
W4A8 + BF16 (1GHz fail),0.25,0.05,405.9099469550781,942.5611960160156,536.6512490609375,separate
W4A8 + BF16 (1GHz fail),0.25,0.1,405.9099469550781,987.4450624929689,581.5351155378908,separate
W4A8 + BF16 (1GHz fail),0.25,0.2,405.9099469550781,1077.212795446875,671.3028484917968,separate
W4A8 + BF16 (1GHz fail),0.25,0.3,405.9099469550781,1166.9805284007814,761.0705814457033,separate
W4A8 + BF16 (1GHz fail),0.25,0.5,405.9099469550781,1346.5159943085937,940.6060473535156,separate
W4A8 + BF16 (1GHz fail),0.5,0.0,630.3292793398438,897.6773295390625,267.34805019921873,separate
W4A8 + BF16 (1GHz fail),0.5,0.05,630.3292793398438,942.5611960160156,312.23191667617186,separate
W4A8 + BF16 (1GHz fail),0.5,0.1,630.3292793398438,987.4450624929689,357.1157831531251,separate
W4A8 + BF16 (1GHz fail),0.5,0.2,630.3292793398438,1077.212795446875,446.88351610703114,separate
W4A8 + BF16 (1GHz fail),0.5,0.3,630.3292793398438,1166.9805284007814,536.6512490609376,separate
W4A8 + BF16 (1GHz fail),0.5,0.5,630.3292793398438,1346.5159943085937,716.1867149687499,separate
W4A8 + BF16 (1GHz fail),0.75,0.0,854.7486117246093,897.6773295390625,42.928717814453194,separate
W4A8 + BF16 (1GHz fail),0.75,0.05,854.7486117246093,942.5611960160156,87.81258429140632,separate
W4A8 + BF16 (1GHz fail),0.75,0.1,854.7486117246093,987.4450624929689,132.69645076835957,separate
W4A8 + BF16 (1GHz fail),0.75,0.2,854.7486117246093,1077.212795446875,222.4641837222656,separate
W4A8 + BF16 (1GHz fail),0.75,0.3,854.7486117246093,1166.9805284007814,312.2319166761721,separate
W4A8 + BF16 (1GHz fail),0.75,0.5,854.7486117246093,1346.5159943085937,491.7673825839844,separate
W4A8 + BF16 (1GHz fail),1.0,0.0,1079.167944109375,897.6773295390625,-181.49061457031246,hybrid
W4A8 + BF16 (1GHz fail),1.0,0.05,1079.167944109375,942.5611960160156,-136.60674809335933,hybrid
W4A8 + BF16 (1GHz fail),1.0,0.1,1079.167944109375,987.4450624929689,-91.72288161640608,hybrid
W4A8 + BF16 (1GHz fail),1.0,0.2,1079.167944109375,1077.212795446875,-1.9551486625000507,hybrid
W4A8 + BF16 (1GHz fail),1.0,0.3,1079.167944109375,1166.9805284007814,87.81258429140644,separate
W4A8 + BF16 (1GHz fail),1.0,0.5,1079.167944109375,1346.5159943085937,267.34805019921873,separate
W8A8 + BF16 (1GHz fail),0.0625,0.0,320.85618390478515,897.6773295390625,576.8211456342774,separate
W8A8 + BF16 (1GHz fail),0.0625,0.05,320.85618390478515,942.5611960160156,621.7050121112304,separate
W8A8 + BF16 (1GHz fail),0.0625,0.1,320.85618390478515,987.4450624929689,666.5888785881837,separate
W8A8 + BF16 (1GHz fail),0.0625,0.2,320.85618390478515,1077.212795446875,756.3566115420897,separate
W8A8 + BF16 (1GHz fail),0.0625,0.3,320.85618390478515,1166.9805284007814,846.1243444959962,separate
W8A8 + BF16 (1GHz fail),0.0625,0.5,320.85618390478515,1346.5159943085937,1025.6598104038085,separate
W8A8 + BF16 (1GHz fail),0.125,0.0,376.9610170009766,897.6773295390625,520.716312538086,separate
W8A8 + BF16 (1GHz fail),0.125,0.05,376.9610170009766,942.5611960160156,565.600179015039,separate
W8A8 + BF16 (1GHz fail),0.125,0.1,376.9610170009766,987.4450624929689,610.4840454919922,separate
W8A8 + BF16 (1GHz fail),0.125,0.2,376.9610170009766,1077.212795446875,700.2517784458983,separate
W8A8 + BF16 (1GHz fail),0.125,0.3,376.9610170009766,1166.9805284007814,790.0195113998047,separate
W8A8 + BF16 (1GHz fail),0.125,0.5,376.9610170009766,1346.5159943085937,969.554977307617,separate
W8A8 + BF16 (1GHz fail),0.25,0.0,489.1706831933594,897.6773295390625,408.5066463457031,separate
W8A8 + BF16 (1GHz fail),0.25,0.05,489.1706831933594,942.5611960160156,453.3905128226562,separate
W8A8 + BF16 (1GHz fail),0.25,0.1,489.1706831933594,987.4450624929689,498.27437929960945,separate
W8A8 + BF16 (1GHz fail),0.25,0.2,489.1706831933594,1077.212795446875,588.0421122535155,separate
W8A8 + BF16 (1GHz fail),0.25,0.3,489.1706831933594,1166.9805284007814,677.809845207422,separate
W8A8 + BF16 (1GHz fail),0.25,0.5,489.1706831933594,1346.5159943085937,857.3453111152343,separate
W8A8 + BF16 (1GHz fail),0.5,0.0,713.5900155781251,897.6773295390625,184.08731396093742,separate
W8A8 + BF16 (1GHz fail),0.5,0.05,713.5900155781251,942.5611960160156,228.97118043789055,separate
W8A8 + BF16 (1GHz fail),0.5,0.1,713.5900155781251,987.4450624929689,273.8550469148438,separate
W8A8 + BF16 (1GHz fail),0.5,0.2,713.5900155781251,1077.212795446875,363.62277986874983,separate
W8A8 + BF16 (1GHz fail),0.5,0.3,713.5900155781251,1166.9805284007814,453.3905128226563,separate
W8A8 + BF16 (1GHz fail),0.5,0.5,713.5900155781251,1346.5159943085937,632.9259787304686,separate
W8A8 + BF16 (1GHz fail),0.75,0.0,938.0093479628906,897.6773295390625,-40.33201842382812,hybrid
W8A8 + BF16 (1GHz fail),0.75,0.05,938.0093479628906,942.5611960160156,4.551848053125013,separate
W8A8 + BF16 (1GHz fail),0.75,0.1,938.0093479628906,987.4450624929689,49.43571453007826,separate
W8A8 + BF16 (1GHz fail),0.75,0.2,938.0093479628906,1077.212795446875,139.2034474839843,separate
W8A8 + BF16 (1GHz fail),0.75,0.3,938.0093479628906,1166.9805284007814,228.97118043789078,separate
W8A8 + BF16 (1GHz fail),0.75,0.5,938.0093479628906,1346.5159943085937,408.5066463457031,separate
W8A8 + BF16 (1GHz fail),1.0,0.0,1162.4286803476562,897.6773295390625,-264.75135080859366,hybrid
W8A8 + BF16 (1GHz fail),1.0,0.05,1162.4286803476562,942.5611960160156,-219.86748433164053,hybrid
W8A8 + BF16 (1GHz fail),1.0,0.1,1162.4286803476562,987.4450624929689,-174.98361785468728,hybrid
W8A8 + BF16 (1GHz fail),1.0,0.2,1162.4286803476562,1077.212795446875,-85.21588490078125,hybrid
W8A8 + BF16 (1GHz fail),1.0,0.3,1162.4286803476562,1166.9805284007814,4.551848053125241,separate
W8A8 + BF16 (1GHz fail),1.0,0.5,1162.4286803476562,1346.5159943085937,184.08731396093754,separate
