relative_path,size_bytes,sha256
evidence/runs/BRICK16_BARE_PROOF__T0p9ns/meta.json,619,4f8ab0ec13f604433ab6142780166facdc429451827d1ec944a780fc873be11e
evidence/runs/BRICK16_BARE_PROOF__T0p9ns/reports/analyze.log,4660,510ee257720e2d1b5962f068396dbcb0d516a50fefaa2bdb8fa1b98a4d07889c
evidence/runs/BRICK16_BARE_PROOF__T0p9ns/reports/check_design_post.rpt,357,140c69dff6cec1ed459bdf788d0ed445769e732d5923e7835b8a26db42dc158d
evidence/runs/BRICK16_BARE_PROOF__T0p9ns/reports/report_area.rpt,7390,76ae28398bcfa441d8f2859fb2f2c4fa8ca32f6a878cd15fb53c0d9bbd3d4c33
evidence/runs/BRICK16_BARE_PROOF__T0p9ns/reports/report_constraints.rpt,791,a351b0e8de18aa8e0164ec635ef706abed71bc8fb410a00c480279cd1dd9c21b
evidence/runs/BRICK16_BARE_PROOF__T0p9ns/reports/report_qor.rpt,2636,4c30e167a8193d3906dc2af02e1408c9686a5ef9a8d54f7f90dd2d8dd8aabcb5
evidence/runs/BRICK16_BARE_PROOF__T0p9ns/reports/report_reference_post.rpt,29750,33d1742e090ad075ac2a9d00d5408d605191b7dfcf1fdd3bcc3260f5a9891502
evidence/runs/BRICK16_BARE_PROOF__T0p9ns/reports/report_reference_pre.rpt,9634,43df2334f79c4a55b1da80328b5353795d04f0e6b735b2462a34e672ed72e73f
evidence/runs/BRICK16_BARE_PROOF__T0p9ns/reports/report_resources_post.rpt,10545,16c2f412f3219ca1be2b2bb1d2106bf460a1cb32ac511bc54eea5ba313518701
evidence/runs/BRICK16_BARE_PROOF__T0p9ns/reports/report_resources_pre.rpt,4689,fcea38009ee84c32d0b4a6c231996e18a18e8749211fc93326ab8f40d18230c5
evidence/runs/BRICK16_BARE_PROOF__T0p9ns/reports/report_timing.rpt,44741,c4c76794cce2dceecdbcf9de477d2cbfc25fc50d9a2c3a6552aff43990621317
evidence/runs/BRICK16_BARE_PROOF__T0p9ns/summary.kv,770,c41606e57109bebb22b91cf0b43178ea7333cc6f9998e06ca66efe623030cca4
evidence/runs/BRICK16_BARE_PROOF__T1p0ns/meta.json,608,ccb03b0eb6da7b18550ceb3f4f100151803d99bc4acf49f0c4286330bfc67d5a
evidence/runs/BRICK16_BARE_PROOF__T1p0ns/reports/analyze.log,4804,07c83e45741b60789e3ec6ffb96163e092d962f84c4707a9e4131b613bc21ca5
evidence/runs/BRICK16_BARE_PROOF__T1p0ns/reports/check_design_post.rpt,357,140c69dff6cec1ed459bdf788d0ed445769e732d5923e7835b8a26db42dc158d
evidence/runs/BRICK16_BARE_PROOF__T1p0ns/reports/report_area.rpt,7390,73229afa2fa1ee4accacb3c515af3e135f54f2ae0870ef1c3d4105c605ccbe3e
evidence/runs/BRICK16_BARE_PROOF__T1p0ns/reports/report_constraints.rpt,791,30f32ef0089c51a7e076db4e9373f95747c6cd0b60467ff27687dc5809ae1b4d
evidence/runs/BRICK16_BARE_PROOF__T1p0ns/reports/report_qor.rpt,2636,07a09e115a09a6a3394b6fc4ad919cfb65c70085f808c61eef72c942125e5803
evidence/runs/BRICK16_BARE_PROOF__T1p0ns/reports/report_reference_post.rpt,29750,235d25ef8bb1ca589d1b9824148daf65f6b7b87f15421885af44834cf0b09bbe
evidence/runs/BRICK16_BARE_PROOF__T1p0ns/reports/report_reference_pre.rpt,9634,07997076c513e27690b9daae411756bda4c7cde63ef886d41bd02ff884426b5e
evidence/runs/BRICK16_BARE_PROOF__T1p0ns/reports/report_resources_post.rpt,10545,e4cfcff2043e20edd52376603391ec3904dbaa9751ca584fa2534c735cfaf26f
evidence/runs/BRICK16_BARE_PROOF__T1p0ns/reports/report_resources_pre.rpt,4689,641bc7818ad1a295c4e9051729bef50da3f43d45507ddf76910249b82eebd710
evidence/runs/BRICK16_BARE_PROOF__T1p0ns/reports/report_timing.rpt,44741,9a1d1b0a04ced1286210a1bc142e10f8651632a8de395a2135a7d2e133d6fda1
evidence/runs/BRICK16_BARE_PROOF__T1p0ns/summary.kv,764,f7cdd4601d4d80ca2690e839f0cfa18301b117e7f1f0a06a6f6f859125dc5d78
evidence/runs/BRICK16_BARE_PROOF__T2p0ns/meta.json,607,f5d9148673eb3252061b6c7ed62d6f7ee295fb89e9809bd84b8852f2439270e9
evidence/runs/BRICK16_BARE_PROOF__T2p0ns/reports/analyze.log,4660,218816eea5a8859629c95a5da6d88930bb216ffc5f50751b3555d73347f5e67a
evidence/runs/BRICK16_BARE_PROOF__T2p0ns/reports/check_design_post.rpt,357,140c69dff6cec1ed459bdf788d0ed445769e732d5923e7835b8a26db42dc158d
evidence/runs/BRICK16_BARE_PROOF__T2p0ns/reports/report_area.rpt,7390,6fd38baa992a2e63dc93a9a179197f6556fa03ae0540eebf6abf25966fe129d3
evidence/runs/BRICK16_BARE_PROOF__T2p0ns/reports/report_constraints.rpt,791,243348f8cb81e6d92cbcabf3447002c6688a54de17e07139c2742fcfd0e0027f
evidence/runs/BRICK16_BARE_PROOF__T2p0ns/reports/report_qor.rpt,2636,cb301472d42ec44ada5d33ae14aa72372c59061fad504f6742ab3577b1c7678a
evidence/runs/BRICK16_BARE_PROOF__T2p0ns/reports/report_reference_post.rpt,29750,34ff699800837f59b00be318fb496af1831749fc56095fea0413ff6e791537d6
evidence/runs/BRICK16_BARE_PROOF__T2p0ns/reports/report_reference_pre.rpt,9634,6e891c2c2282de8cb296150e03096191209a2050716ebe35068c9ec0b1f05aeb
evidence/runs/BRICK16_BARE_PROOF__T2p0ns/reports/report_resources_post.rpt,10545,b74624c9bc9330cc863cc46eaf6bafe61c8c805370b3a400c135955603ef2c13
evidence/runs/BRICK16_BARE_PROOF__T2p0ns/reports/report_resources_pre.rpt,4689,3ed63a850a2452dea9af87f04133587e4b58a92616daec1822a2be27aa80fab8
evidence/runs/BRICK16_BARE_PROOF__T2p0ns/reports/report_timing.rpt,44741,d68076cd197246be17e6ea195cc774c21f2761ac11543bf9fe05ffeeb68265c5
evidence/runs/BRICK16_BARE_PROOF__T2p0ns/summary.kv,761,6812d10eb71778be3104f1d4d9a2e669572e6347086fd3970a3870775dbda3be
evidence/runs/FUSION16_BF16_ONLY_PIPE__T0p9ns/meta.json,677,0edfd72e85fcf48779b7f8b025f000c7bea514cf6692ff45090e08d6fd675bee
evidence/runs/FUSION16_BF16_ONLY_PIPE__T0p9ns/reports/analyze.log,96211,d3c5b72c36860285f5b79170d3df710c8b7ea33a5157b2e912f0ab19fe577cc6
evidence/runs/FUSION16_BF16_ONLY_PIPE__T0p9ns/reports/check_design_post.rpt,44580,d1e5fb112e4cd7d95d3ac832a8ee8c53fd64769780da4799f7cbb734af860b9d
evidence/runs/FUSION16_BF16_ONLY_PIPE__T0p9ns/reports/report_area.rpt,1908,bd11648ae44be88d0b49856774df533bb8e7cab48c1d98f025956aa95d86eda8
evidence/runs/FUSION16_BF16_ONLY_PIPE__T0p9ns/reports/report_constraints.rpt,32840,b8102e025c6ff3ef1d66989376f3712f377cf8e6608f91974bb3ebc9dc286146
evidence/runs/FUSION16_BF16_ONLY_PIPE__T0p9ns/reports/report_qor.rpt,2481,33c9dbb6c72d80ef49157b718139043974179d3866b39275e3b93c86ca4196da
evidence/runs/FUSION16_BF16_ONLY_PIPE__T0p9ns/reports/report_reference_post.rpt,32422,5b3cf2de472b16b877e159da1e8b8d486e3d7680445a3de9e3b90ff73de2c27d
evidence/runs/FUSION16_BF16_ONLY_PIPE__T0p9ns/reports/report_reference_pre.rpt,21496,62d9ae117893021cbdcbbebd0830f0b5a7741c4095525b880b5b35779777183d
evidence/runs/FUSION16_BF16_ONLY_PIPE__T0p9ns/reports/report_resources_post.rpt,384789,55b2a74f2e6436f97ee9a632994c54ebee679c7e3a940d206dda58202e7e73fa
evidence/runs/FUSION16_BF16_ONLY_PIPE__T0p9ns/reports/report_resources_pre.rpt,14668,4e9ceed811f4ee934403468b7432219d9494905231c629648d5bb70d09f2299f
evidence/runs/FUSION16_BF16_ONLY_PIPE__T0p9ns/reports/report_timing.rpt,215816,472c01bda82d58fbdce7236ed63bc834362a49aa7becf6ad674cd68ff37d44e4
evidence/runs/FUSION16_BF16_ONLY_PIPE__T0p9ns/summary.kv,793,b4b6eb2f7846de9171525d6598854f5ca4b4fa27afbbb7593e79c514333facd5
evidence/runs/FUSION16_BF16_ONLY_PIPE__T1p0ns/meta.json,666,1ae387bc625e80c5d40852dfed0709a74d0c19055cf47b35ab4c760e14c58cd0
evidence/runs/FUSION16_BF16_ONLY_PIPE__T1p0ns/reports/analyze.log,96211,bc97b3e6d48e85b33c9a3a1f821e5777d7d22991b2d97233a7695ad4838d154e
evidence/runs/FUSION16_BF16_ONLY_PIPE__T1p0ns/reports/check_design_post.rpt,44580,23bec073004d7ffda69a6ff56a04d4f45514fa35b461072f9ff88154884f0ff4
evidence/runs/FUSION16_BF16_ONLY_PIPE__T1p0ns/reports/report_area.rpt,1908,3635299b7e30adfc934f8dc147635309d0180781397903ec7b2ca21050aaa41f
evidence/runs/FUSION16_BF16_ONLY_PIPE__T1p0ns/reports/report_constraints.rpt,872,d75e1ca267c8bba542d73956bb330eae9cbb0a9d3e79007652c6f2d94b2fcf9b
evidence/runs/FUSION16_BF16_ONLY_PIPE__T1p0ns/reports/report_qor.rpt,2478,f0d35afeb43d452615164ee431ffedc0f48f182a2da4ea426d68374286036bd8
evidence/runs/FUSION16_BF16_ONLY_PIPE__T1p0ns/reports/report_reference_post.rpt,32087,323f182e9c16d3f56446f9fa73926db43a197f4658c4cbfcc8c95043a21fe104
evidence/runs/FUSION16_BF16_ONLY_PIPE__T1p0ns/reports/report_reference_pre.rpt,21496,d17486d71a0e278fd7011bce752ae536957a9306907aa23eef50df474b23e680
evidence/runs/FUSION16_BF16_ONLY_PIPE__T1p0ns/reports/report_resources_post.rpt,384789,78f2894fad624d58f7b7932225a21970fe105b3fd6ea1abea4f0f80bfcb5f9b4
evidence/runs/FUSION16_BF16_ONLY_PIPE__T1p0ns/reports/report_resources_pre.rpt,14668,3d03a03aa1204ec20ff29359d097ae79206934ad59566b4873ddbf9360631526
evidence/runs/FUSION16_BF16_ONLY_PIPE__T1p0ns/reports/report_timing.rpt,216083,f82ee784f5e4a27f89c382f10320d572fdb45f0cb542f9f737830cf726077a0b
evidence/runs/FUSION16_BF16_ONLY_PIPE__T1p0ns/summary.kv,790,f5d1bb69ec7305664a826b337f81ff2780319edc59c8b0187e8d2f90479fd57a
evidence/runs/FUSION16_BF16_ONLY_PIPE__T2p0ns/meta.json,665,cedd6d3191e104925d7b877aac2c3059943a31b9f6245caf90b9494d2d9e29e0
evidence/runs/FUSION16_BF16_ONLY_PIPE__T2p0ns/reports/analyze.log,96211,c15af8eacda3419a1e2a45b72f72076833131c17b00b616551549c62e3d8a804
evidence/runs/FUSION16_BF16_ONLY_PIPE__T2p0ns/reports/check_design_post.rpt,266115,fc6a1857a87dda14089a6c125b896725eac816de18708bab5247b4f76a27318e
evidence/runs/FUSION16_BF16_ONLY_PIPE__T2p0ns/reports/report_area.rpt,2050,2a54977e4006060367ea9f15ac4fb1f2b9657163340573333e07706b3b416e63
evidence/runs/FUSION16_BF16_ONLY_PIPE__T2p0ns/reports/report_constraints.rpt,36665,5c98a8293240b398770ed6a88a2c8e16921135565fe3d95e5ba8b0f121812e64
evidence/runs/FUSION16_BF16_ONLY_PIPE__T2p0ns/reports/report_qor.rpt,2480,aa02f5109bb523a69348890dc9b3b9df13d2418bf22838da1fd23049be6e31ec
evidence/runs/FUSION16_BF16_ONLY_PIPE__T2p0ns/reports/report_reference_post.rpt,18730,762cdccb819ffda7e569f6f4491b002fed34cecf2d27fb4e444146576f2eb206
evidence/runs/FUSION16_BF16_ONLY_PIPE__T2p0ns/reports/report_reference_pre.rpt,21496,c0b486afa42c5704c1ac0f60780233d19712e09d3237f3d5b5de829f87531a1f
evidence/runs/FUSION16_BF16_ONLY_PIPE__T2p0ns/reports/report_resources_post.rpt,395582,21186b050bd9f3aea3cb8528e783b5569c47add1268c5fac24564a31e9914f68
evidence/runs/FUSION16_BF16_ONLY_PIPE__T2p0ns/reports/report_resources_pre.rpt,14668,ae1e4420a5aa87adb2dbdf714dda6e3c3c8436b14762e6cd55ce478965a180b8
evidence/runs/FUSION16_BF16_ONLY_PIPE__T2p0ns/reports/report_timing.rpt,248304,1c42d66999c1d5abd0810a6b0339d95d9ce2bff1f234735af221234852c0d975
evidence/runs/FUSION16_BF16_ONLY_PIPE__T2p0ns/summary.kv,787,10ccd80845e138005d86cc996518d033c10ef3416c02eb2a669de24c8490c485
evidence/runs/FUSION16_CORE_PPA__T0p9ns/meta.json,655,11ec3d522111c4c20b88ce0307296884711beaf51790d4a07ed008aab8df7ff9
evidence/runs/FUSION16_CORE_PPA__T0p9ns/reports/analyze.log,58756,4585adc16149e3ba6c8a98200f771c8ec97fd00d8403f9bcf7dfd979ef372231
evidence/runs/FUSION16_CORE_PPA__T0p9ns/reports/check_design_post.rpt,17708,cea870fde95a8aca490cc84abdaf9c932b8b99fe2d88446c553fb45afae97538
evidence/runs/FUSION16_CORE_PPA__T0p9ns/reports/report_area.rpt,1890,e5292b969a8dcb44087b487f39d29ac9d0567fc68d3631ea48cec8bee25a731b
evidence/runs/FUSION16_CORE_PPA__T0p9ns/reports/report_constraints.rpt,6029,ef8c03118aa12b7fc0d058fac542c8bfa15e2b08f3aabde364179e8d91e671ba
evidence/runs/FUSION16_CORE_PPA__T0p9ns/reports/report_qor.rpt,2470,4d701739cdbf850a71ff0f3376b4d1e28a6560392990bfcec7308679e9e6d4c3
evidence/runs/FUSION16_CORE_PPA__T0p9ns/reports/report_reference_post.rpt,30855,d7ea5f38a715cdd8720a0f577e63c0cb9a8f0951df534e803978c2a1a37938e5
evidence/runs/FUSION16_CORE_PPA__T0p9ns/reports/report_reference_pre.rpt,16445,8a85860539bc272539c0b3ff2f6f9d5fea561e7c6b7be43b974c5ebd1d0ae3a3
evidence/runs/FUSION16_CORE_PPA__T0p9ns/reports/report_resources_post.rpt,397223,6fe3350f461b925646e1abc7dff2350ddd13ac52645531849c44f413146ba941
evidence/runs/FUSION16_CORE_PPA__T0p9ns/reports/report_resources_pre.rpt,9859,4f72dc82170a8523549b070973d11fcb674823115421d5ccbe5a031d1cba5ce0
evidence/runs/FUSION16_CORE_PPA__T0p9ns/reports/report_timing.rpt,182841,083941c12f6312e2dbab1d838622bd1fb089d8670a3ab85dbd8271d4e4591aca
evidence/runs/FUSION16_CORE_PPA__T0p9ns/summary.kv,776,46980145db26cad92502e1f26a64d65b1dd26ee4af4963e24d9e3ace8a13f155
evidence/runs/FUSION16_CORE_PPA__T1p0ns/meta.json,644,405c1f65879d865ad2a651f52e84b6609ed667e09edd44af4d984271636171bf
evidence/runs/FUSION16_CORE_PPA__T1p0ns/reports/analyze.log,58756,065bb578e5dcff5dcc4dc0fa4da2fa828fdaa55ba603810638d133ea34bdb7bf
evidence/runs/FUSION16_CORE_PPA__T1p0ns/reports/check_design_post.rpt,17708,f98dafc0b147db06799e588305ecb30c0450abdcff30f9bc914293295916a979
evidence/runs/FUSION16_CORE_PPA__T1p0ns/reports/report_area.rpt,1890,0f9c0746467f89b32e9abc911a94792ea58d9b550fadce1f75ab277e487388da
evidence/runs/FUSION16_CORE_PPA__T1p0ns/reports/report_constraints.rpt,5376,27136867ef08d47cd8df24e02e52dc3d65886f70a16ae87a1ce1395438a7b2c8
evidence/runs/FUSION16_CORE_PPA__T1p0ns/reports/report_qor.rpt,2470,6ecc81efe1db5b7f62f9aa1c7d0fbc341faa1b922fbde181433db20837bb31ba
evidence/runs/FUSION16_CORE_PPA__T1p0ns/reports/report_reference_post.rpt,32059,264598f173653fa333ada51ea9a1aa09fe11c6dc1f218952b98978a29ed86423
evidence/runs/FUSION16_CORE_PPA__T1p0ns/reports/report_reference_pre.rpt,16445,9579a8fb7f4ffe4da9752b31562be2573987a429e0eabb5da0d46927c5689257
evidence/runs/FUSION16_CORE_PPA__T1p0ns/reports/report_resources_post.rpt,397223,9a318b44c9c629390a8b7d5c0143e06fae9ec693cb47d715b5eb8c2fc5c99ffa
evidence/runs/FUSION16_CORE_PPA__T1p0ns/reports/report_resources_pre.rpt,9859,569361a4a27409ddfbb927ac20641534485543789286058e1a1ad5502bd7cdac
evidence/runs/FUSION16_CORE_PPA__T1p0ns/reports/report_timing.rpt,182463,6895ccd43c64b8aa98d3138d4442256365a4d7e7119e60576d7c07b1399c0716
evidence/runs/FUSION16_CORE_PPA__T1p0ns/summary.kv,771,69ec46b1f7ecb9ae99b8b559f8ebd841c71fedfdafcf3aa381a1036d12d728eb
evidence/runs/FUSION16_CORE_PPA__T2p0ns/meta.json,643,8110b9abc26dc0c3df796f564c81b99bdb9f49e8d851ceb79c2d51f35dde21c1
evidence/runs/FUSION16_CORE_PPA__T2p0ns/reports/analyze.log,58756,cd84f9dc1b6beb89041f6a39717f04445d4cb0ab81b244a5e28f65a84255763a
evidence/runs/FUSION16_CORE_PPA__T2p0ns/reports/check_design_post.rpt,17708,b187f1d71646cab17a7620366e5a38d3ffce98ccbb15119273b1b9cd6fd1d49b
evidence/runs/FUSION16_CORE_PPA__T2p0ns/reports/report_area.rpt,1890,6943c865b3703608431739451cea78c20cbb55a4706e4a933c057ffae204c66a
evidence/runs/FUSION16_CORE_PPA__T2p0ns/reports/report_constraints.rpt,793,827f8d8ae409bffc1d198988518712882912adfe8c5160ff9d8e0d2816134434
evidence/runs/FUSION16_CORE_PPA__T2p0ns/reports/report_qor.rpt,2469,7958f1edae844f65ddce07ce839abe9d7e2590f765b24c6ffb8b9d20bb02b03d
evidence/runs/FUSION16_CORE_PPA__T2p0ns/reports/report_reference_post.rpt,16646,6a2072487ad54bf2f90832dc1a4340550b4c379b2e9fc774c7fbb5dd0997d352
evidence/runs/FUSION16_CORE_PPA__T2p0ns/reports/report_reference_pre.rpt,16445,1c7fbc35cb4beab7b47897879eba66893a44ac978e2cf729cd0fbdb7a12fe1d5
evidence/runs/FUSION16_CORE_PPA__T2p0ns/reports/report_resources_post.rpt,397223,d0c2559b405ed0ccf95615838163d3cd984a3e4614a466b178c208dd8221ca4f
evidence/runs/FUSION16_CORE_PPA__T2p0ns/reports/report_resources_pre.rpt,9859,7fdc136a2a937ad2bcb59aa2aaa950bec25e5412188bc2610b78a2944f38da3d
evidence/runs/FUSION16_CORE_PPA__T2p0ns/reports/report_timing.rpt,249268,e478aa33705ab0e127378a551f973b2afed5e603200684a80b3a1b2937736474
evidence/runs/FUSION16_CORE_PPA__T2p0ns/summary.kv,773,545881f724fd224a818404bcef95ff7453780be1c3ce43b783a4794599b2687f
evidence/runs/FUSION16_CORE_PROOF__T0p9ns/meta.json,664,ca98c361ae06cd7fd70fa5153ba9a7afcd3e846798cfa7646f71eb52d56c0b11
evidence/runs/FUSION16_CORE_PROOF__T0p9ns/reports/analyze.log,58758,87ee258726055d59e01337ac1b7180bec7a243d205a47036a09703a9feddee36
evidence/runs/FUSION16_CORE_PROOF__T0p9ns/reports/check_design_post.rpt,17761,436a5ec7b5c22dceba518c18a8541256bd626820c521574ae2005e6ff35ff9e1
evidence/runs/FUSION16_CORE_PROOF__T0p9ns/reports/report_area.rpt,8191,67281fde2383906df1d6e804da4842c00360dd96d68ab52329cefd9b9b410fea
evidence/runs/FUSION16_CORE_PROOF__T0p9ns/reports/report_constraints.rpt,20792,2f3187b566373d8bfebd27807ffa93f467361c21533a38f8dba1b1356c173b81
evidence/runs/FUSION16_CORE_PROOF__T0p9ns/reports/report_qor.rpt,2640,0f241e39e1ae9ca0eb8d322a901a052e6c7aec569d380cd250bb7620e7e45355
evidence/runs/FUSION16_CORE_PROOF__T0p9ns/reports/report_reference_post.rpt,46201,9e8ce36b100cdf3f3c792581d43586b9819de3bdc7b20ea640f561ee640a61da
evidence/runs/FUSION16_CORE_PROOF__T0p9ns/reports/report_reference_pre.rpt,16445,43f01e384dae0fa2e365fe718d34a4873d95d63425b0f9850e179cd10cb1a3a5
evidence/runs/FUSION16_CORE_PROOF__T0p9ns/reports/report_resources_post.rpt,403757,1d2428d83b8568d93c54a3851854e2d42ae178f9b21e1057aecc962338b839d3
evidence/runs/FUSION16_CORE_PROOF__T0p9ns/reports/report_resources_pre.rpt,9859,76ede06cc0249613e868e77895053aa922dca8bd6fcee4a8ddeed5987bccf709
evidence/runs/FUSION16_CORE_PROOF__T0p9ns/reports/report_timing.rpt,275855,0dd2498a70d718ce46bb98dd3548fbeac56d2197f62d73f1553ee6fe636426d2
evidence/runs/FUSION16_CORE_PROOF__T0p9ns/summary.kv,776,c188d1852a0a3538324f10d94ad42a6dfaf226f4bacc45eb5bc12fc367a323dd
evidence/runs/FUSION16_CORE_PROOF__T1p0ns/meta.json,653,8de9e13cfdade0178d454a43cc040a290db749f19db6f79768f0582554b7512b
evidence/runs/FUSION16_CORE_PROOF__T1p0ns/reports/analyze.log,58902,28c435a0468119e18f8f77df03a679903b163a1b6031bc2f1ccb44fe7c130830
evidence/runs/FUSION16_CORE_PROOF__T1p0ns/reports/check_design_post.rpt,17761,a3b9a69619ffd07153240489d571a9e5d2f258a922ab7c326e7a3b69bfd90cf2
evidence/runs/FUSION16_CORE_PROOF__T1p0ns/reports/report_area.rpt,8191,6a4e1c53efd856c77b52ca104a6018072bab4d81de4bc69dbe0e2e751ce753e5
evidence/runs/FUSION16_CORE_PROOF__T1p0ns/reports/report_constraints.rpt,20792,a9b2d78a2f2fe18b7d13e3c2abe7b763c2b55c13439c23a775616ea6baf7a8fc
evidence/runs/FUSION16_CORE_PROOF__T1p0ns/reports/report_qor.rpt,2640,f52e2b10ef82c0a3ccbcd73fa3626fd23e9ae6f70b04bc6328f42076febbabef
evidence/runs/FUSION16_CORE_PROOF__T1p0ns/reports/report_reference_post.rpt,44641,5b1fe50a0c4473ff163ab9f661c686d2b665d3c5bc20564f9ce9b381f376ebc5
evidence/runs/FUSION16_CORE_PROOF__T1p0ns/reports/report_reference_pre.rpt,16445,12f968d700cd47dc3de62f7716fc5835c5c110f070af4140f927ede35b3c33a6
evidence/runs/FUSION16_CORE_PROOF__T1p0ns/reports/report_resources_post.rpt,403757,0e5cc8ac13459327ca2683cd531e6d829b6a0987261683ebb8f734a56e3b979b
evidence/runs/FUSION16_CORE_PROOF__T1p0ns/reports/report_resources_pre.rpt,9859,deb6b79a4bfc39f0256dc18b5854559cdcb232f41d138acfb1c1409a1963be41
evidence/runs/FUSION16_CORE_PROOF__T1p0ns/reports/report_timing.rpt,295455,fa0288a6647f6e0432566c5855d636797242047baae8656e747cd52fe3036073
evidence/runs/FUSION16_CORE_PROOF__T1p0ns/summary.kv,769,383f743b262407bb3153588f77859542fc1dfb3c77f73d4373114d0b6a9c8416
evidence/runs/FUSION16_CORE_PROOF__T2p0ns/meta.json,652,ed59b696803829a81982a5ca433afaefacd01abfc07b5dbcebaf6757d600c906
evidence/runs/FUSION16_CORE_PROOF__T2p0ns/reports/analyze.log,58758,60e12e9667dc8d00debcfd86308e7b81a0b3c6b21cd604fbbc0d82323f3e1551
evidence/runs/FUSION16_CORE_PROOF__T2p0ns/reports/check_design_post.rpt,119532,bf11df0ec9d4ee3155881048ae0adad2ffda6a690db7403be3b1059e650157bf
evidence/runs/FUSION16_CORE_PROOF__T2p0ns/reports/report_area.rpt,8297,a817e0a3774872eb05c6f443e68e4f8d7775148ae738258d4c966b0ae5b00c93
evidence/runs/FUSION16_CORE_PROOF__T2p0ns/reports/report_constraints.rpt,19383,602cf9eef2bdd5e4e7b62db9d2e0fdd85599f55722d6a1e87b5dca2a1d231c86
evidence/runs/FUSION16_CORE_PROOF__T2p0ns/reports/report_qor.rpt,2640,0d113cb5d77a4762419d67f4a7784917aa57b80157722726f989842ee5cac4ae
evidence/runs/FUSION16_CORE_PROOF__T2p0ns/reports/report_reference_post.rpt,38040,9e124b5b52eda22eae78e757fb909650925a17eea3e5ebc36bf9e8228d03c4e6
evidence/runs/FUSION16_CORE_PROOF__T2p0ns/reports/report_reference_pre.rpt,16445,bec102750f454262c2977254d2091924be10fa25d706a095062fb1ab5ee06ef8
evidence/runs/FUSION16_CORE_PROOF__T2p0ns/reports/report_resources_post.rpt,411081,26e27fb2bb1128e5c1d8fca5807fb36451df8c3e2820c8b0bfde390bc538f5e9
evidence/runs/FUSION16_CORE_PROOF__T2p0ns/reports/report_resources_pre.rpt,9859,99ae9c59155e66c43a7e55f30fe9daf9a245ecbb9d37fa8910a63b7a62ed1122
evidence/runs/FUSION16_CORE_PROOF__T2p0ns/reports/report_timing.rpt,297375,55a11fa8d86dd7b00b51e858d5ce5711a913636ef0ac470ecf08da7562c84cdd
evidence/runs/FUSION16_CORE_PROOF__T2p0ns/summary.kv,769,d9c11c3ecc8b34e0329277b579117196bf24f2e113cdf06c727e37a02f9542ca
evidence/runs/FUSION16_DUAL_SHARED_PIPE__T0p9ns/meta.json,673,988300fd5b4742e086356c4e0f61d67add419009aa1080e4df95251b7666e800
evidence/runs/FUSION16_DUAL_SHARED_PIPE__T0p9ns/reports/analyze.log,116450,44bb0b7e91f0adbe96fba4ef401039041e3e3b574c83dd994a0c026d1efb7a8c
evidence/runs/FUSION16_DUAL_SHARED_PIPE__T0p9ns/reports/check_design_post.rpt,254515,c197b9ea073c0ab632f43319e7d0e67c91fb10837168ac072589bc00e139d28a
evidence/runs/FUSION16_DUAL_SHARED_PIPE__T0p9ns/reports/report_area.rpt,2192,44e206e797fae1a5275b7dc6c3ae5adcd2213cfb9c1b54123b77d2b10653c03f
evidence/runs/FUSION16_DUAL_SHARED_PIPE__T0p9ns/reports/report_constraints.rpt,245590,4420dab2ac216adb37be1fc894655e062a7d941589fdfc99f3e2c0c3de1b75ad
evidence/runs/FUSION16_DUAL_SHARED_PIPE__T0p9ns/reports/report_qor.rpt,2658,3cbba0a12bd314943dcd181482ac2158b648c78ab70e00730d834b67267da37e
evidence/runs/FUSION16_DUAL_SHARED_PIPE__T0p9ns/reports/report_reference_post.rpt,81146,43997962169fc1a1bcb900ee4dc4d4d03660e7efa2183d3b2b5fd64e315e1d89
evidence/runs/FUSION16_DUAL_SHARED_PIPE__T0p9ns/reports/report_reference_pre.rpt,42186,c2503fe1f795106542c2f234a7ba1702e5c13891921df0bf003fedba37f39b18
evidence/runs/FUSION16_DUAL_SHARED_PIPE__T0p9ns/reports/report_resources_post.rpt,1133840,4aaffaa6ef39a712a4afd7af8c81b61eae4721af0ba7f35e4bb2ef27dc5c3f89
evidence/runs/FUSION16_DUAL_SHARED_PIPE__T0p9ns/reports/report_resources_pre.rpt,29110,eea34e6e64165b9404fb1ba91d349965991276761c6ebca0ac6e23f8604b447e
evidence/runs/FUSION16_DUAL_SHARED_PIPE__T0p9ns/reports/report_timing.rpt,249621,3b0f5819a0908906448ceb35a45d84ecae80acaad819c6e69cc538927ee22357
evidence/runs/FUSION16_DUAL_SHARED_PIPE__T0p9ns/summary.kv,800,1164dd24fea37a8973afa786ec3ccc06405539dc1c3bbf7591052e2e4528c1ed
evidence/runs/FUSION16_DUAL_SHARED_PIPE__T1p0ns/meta.json,662,3de91ff5ed202f804f93f83f905c11f7d7df05b4dba5fd2e379c7412394260be
evidence/runs/FUSION16_DUAL_SHARED_PIPE__T1p0ns/reports/analyze.log,116450,a37c0dbc273f9f274e93802c544cefa65322ce317f5679e7cf7fd75b1cf31998
evidence/runs/FUSION16_DUAL_SHARED_PIPE__T1p0ns/reports/check_design_post.rpt,254751,9bc2329352b6bcf572ee92c8179bb57baa866d56ea0f7438523d9eb8858714f1
evidence/runs/FUSION16_DUAL_SHARED_PIPE__T1p0ns/reports/report_area.rpt,2192,f11c0d86ca80afc7da29795821f784883a4498e624a9a67dd5ec2ca62e05a625
evidence/runs/FUSION16_DUAL_SHARED_PIPE__T1p0ns/reports/report_constraints.rpt,214566,5c9e42f886d67cb7fc55485c938928e1d61541390263ec99cd3d7420c9903488
evidence/runs/FUSION16_DUAL_SHARED_PIPE__T1p0ns/reports/report_qor.rpt,2658,e9e54b8f1a9cc86ac82f8d451ebda69750990ae353ba1733ca353378b2777664
evidence/runs/FUSION16_DUAL_SHARED_PIPE__T1p0ns/reports/report_reference_post.rpt,86349,f57b0c5484aa9e029c282dd03bfc926035aebcd5dfc0654468563725f3ad7718
evidence/runs/FUSION16_DUAL_SHARED_PIPE__T1p0ns/reports/report_reference_pre.rpt,42186,c38b8cc048a0f37807ba6deca23beb484e568f284d4e24234b1f7ca7c52bbe0f
evidence/runs/FUSION16_DUAL_SHARED_PIPE__T1p0ns/reports/report_resources_post.rpt,1133840,5bdd0c59b21809829f44b096d9e30fc2c68673e3a45c8c19fe793bcf75944e86
evidence/runs/FUSION16_DUAL_SHARED_PIPE__T1p0ns/reports/report_resources_pre.rpt,29110,729585a23850a4c599f2c39065d42cf2c158231a7db6bb9a563de8162dc1f373
evidence/runs/FUSION16_DUAL_SHARED_PIPE__T1p0ns/reports/report_timing.rpt,232314,b188128d81c5ea95e943d85212013c8a35398273b1ebedd8a81f642378fc5f68
evidence/runs/FUSION16_DUAL_SHARED_PIPE__T1p0ns/summary.kv,793,feae720de5b9a4c161792c467f7ad3711fab92a93d42a1f9d2950c82d2d963b1
evidence/runs/FUSION16_DUAL_SHARED_PIPE__T2p0ns/meta.json,661,e9ee973ca1a5839e60a224a49c986c2da09a9b12ca68b22039d42bc3d0156804
evidence/runs/FUSION16_DUAL_SHARED_PIPE__T2p0ns/reports/analyze.log,116450,0ca9f39c9de0ab71e305dd9e275e5b83ef1a324cadcdb20e0181b62c74021d49
evidence/runs/FUSION16_DUAL_SHARED_PIPE__T2p0ns/reports/check_design_post.rpt,254755,d85eeb60195252794dc35e1b8ea7c3fe50f1b64722ebb2c2dc3383354ff87c28
evidence/runs/FUSION16_DUAL_SHARED_PIPE__T2p0ns/reports/report_area.rpt,2192,d9de72ee390ec23c90d38d85648ae0d7cce71d7201acc97de298f0b578133b09
evidence/runs/FUSION16_DUAL_SHARED_PIPE__T2p0ns/reports/report_constraints.rpt,14647,11785c3144120263bba5e7887336f564554689c4d96cf04ff7986ec7d5764933
evidence/runs/FUSION16_DUAL_SHARED_PIPE__T2p0ns/reports/report_qor.rpt,2655,9e8ca45a6f81e3514dfbdf6a4f69320bf8daf96c75b42fc3b7c37caa721e7ee4
evidence/runs/FUSION16_DUAL_SHARED_PIPE__T2p0ns/reports/report_reference_post.rpt,47926,30d536df06f91b5f6b89cf0d3fe7149b447784d7ee1e359945fc074d1ea4ab69
evidence/runs/FUSION16_DUAL_SHARED_PIPE__T2p0ns/reports/report_reference_pre.rpt,42186,e3b345f5817b87a48225b7bcbba0ae2b730c3783d7a6c380bcc3502013555e33
evidence/runs/FUSION16_DUAL_SHARED_PIPE__T2p0ns/reports/report_resources_post.rpt,1059248,02d605eaf55feb30c07b1f89c3f09314201b523fbd2c354d6de39da5a9220b78
evidence/runs/FUSION16_DUAL_SHARED_PIPE__T2p0ns/reports/report_resources_pre.rpt,29110,1ccaf0cc0f5c6b4629eb3377185b3277d2248372748abfadbf5dc05aab34525f
evidence/runs/FUSION16_DUAL_SHARED_PIPE__T2p0ns/reports/report_timing.rpt,262226,5144ec70eaf33c8f14304ac43a37a62cc1d97c865b290a68cf40c727cf540cdf
evidence/runs/FUSION16_DUAL_SHARED_PIPE__T2p0ns/summary.kv,794,dc8d87f57636b11228304d9c10271611be1daf16182bef287831260f559a012b
evidence/runs/FUSION16_FP8_ONLY_PIPE__T0p9ns/meta.json,673,af0d23848b54925b7d7b54f2488ee77fe3d39378e7ed70eb2bc8dc90dafd2cea
evidence/runs/FUSION16_FP8_ONLY_PIPE__T0p9ns/reports/analyze.log,95809,24d03aa31bf041e4d6d7e15a7884685d5288eea0333c6aa79ddf8be0420107ae
evidence/runs/FUSION16_FP8_ONLY_PIPE__T0p9ns/reports/check_design_post.rpt,198794,b8822dc52e7482bfddbadab1137de961e417286bc70ba943e1f0ea0636a9391a
evidence/runs/FUSION16_FP8_ONLY_PIPE__T0p9ns/reports/report_area.rpt,2066,b7dafe47681eedd5cc24af1507f079dd63b70a16118130832143a837aed211af
evidence/runs/FUSION16_FP8_ONLY_PIPE__T0p9ns/reports/report_constraints.rpt,71885,2b5e358d96b3297d1e7c09f22a222cc6f5551dd14e336df81641e8f548480f69
evidence/runs/FUSION16_FP8_ONLY_PIPE__T0p9ns/reports/report_qor.rpt,2480,a31f0caa68884952b5e95d33bb405ce230bdafdc718feb88e8992c10f9790926
evidence/runs/FUSION16_FP8_ONLY_PIPE__T0p9ns/reports/report_reference_post.rpt,40186,3808d403b575604329e1961472be914f85116447e250dfce6b0481c532e58239
evidence/runs/FUSION16_FP8_ONLY_PIPE__T0p9ns/reports/report_reference_pre.rpt,21494,7cbf3abeee9d807e578f7ec42452ef6ffeffffcc16d85ead2c2e003aa4136bd5
evidence/runs/FUSION16_FP8_ONLY_PIPE__T0p9ns/reports/report_resources_post.rpt,478806,eb98f0ff6ad842b0d4e0a517f5b93b8a754b5cda9e13fcef37a21e0f4f32b5f9
evidence/runs/FUSION16_FP8_ONLY_PIPE__T0p9ns/reports/report_resources_pre.rpt,14667,d1efd7c43b8dd4a12d323f90ccb1d56aa421f6edf128a26d7c76cf62e58347e9
evidence/runs/FUSION16_FP8_ONLY_PIPE__T0p9ns/reports/report_timing.rpt,209160,187e804eb39d4dd8f8b03782b817b07cd80f4daf9402f156e606f520fe4cc90c
evidence/runs/FUSION16_FP8_ONLY_PIPE__T0p9ns/summary.kv,790,442e420dec3a0909ef51b1ed947faa185f1285a6fa67e47af8b56bc31800b8bf
evidence/runs/FUSION16_FP8_ONLY_PIPE__T1p0ns/meta.json,662,b4af16519ea1aca8f878a4b2f87c9b7e148cda5f33d1c270a294a80e1b71400f
evidence/runs/FUSION16_FP8_ONLY_PIPE__T1p0ns/reports/analyze.log,95809,6950f4d41a8fb5163f656fa5c461f15128f77b95bcbb8f6cf62432e6e9774ff3
evidence/runs/FUSION16_FP8_ONLY_PIPE__T1p0ns/reports/check_design_post.rpt,198794,4ccb2ce1cefefdf005fb0e5c4b224c5ec5b505d5f3363dbaa6de838084d0fffe
evidence/runs/FUSION16_FP8_ONLY_PIPE__T1p0ns/reports/report_area.rpt,2066,e9102e9582d63305506f9c4767554bc3c989f2b32ce8da11fd0d60eb0d8bb1d6
evidence/runs/FUSION16_FP8_ONLY_PIPE__T1p0ns/reports/report_constraints.rpt,66807,cab7e5018a25ae263ec0864c26d49347687d35c253a86c828ebe0045c004dca0
evidence/runs/FUSION16_FP8_ONLY_PIPE__T1p0ns/reports/report_qor.rpt,2480,35b20ce30a54c750324ac44dd9a931c008806556bde70d2736b6afaf57c24101
evidence/runs/FUSION16_FP8_ONLY_PIPE__T1p0ns/reports/report_reference_post.rpt,39142,382f54d67024680244ce171d37d847e6c93c578ddc446bd02246fedf7909cbe3
evidence/runs/FUSION16_FP8_ONLY_PIPE__T1p0ns/reports/report_reference_pre.rpt,21494,fe08e2aec5b38e59a9d8b1a249d388b99a6831412e34f6243cf1475efcb65941
evidence/runs/FUSION16_FP8_ONLY_PIPE__T1p0ns/reports/report_resources_post.rpt,478806,479d010b99a2c8ee0a2085ce635c3147bc115af644337250b609722a1e3ce5fd
evidence/runs/FUSION16_FP8_ONLY_PIPE__T1p0ns/reports/report_resources_pre.rpt,14667,48b650c526c311e3afddcecd902a008dc5cc1e406e80dc168f1f3cc1bd16a91c
evidence/runs/FUSION16_FP8_ONLY_PIPE__T1p0ns/reports/report_timing.rpt,205239,fa1a09d49f4a347d1592f3288542c1be3eacf8666871c92cc11c3720a3d04a24
evidence/runs/FUSION16_FP8_ONLY_PIPE__T1p0ns/summary.kv,785,df0b5203e76a6cc272b23bee6770df05f4c7afab16c3a991eeaaf2e5c368f83f
evidence/runs/FUSION16_FP8_ONLY_PIPE__T2p0ns/meta.json,661,8c872fa50383ed7c30fbeea9d0e239cb73665235fe646e99009fd5e07b64c1b9
evidence/runs/FUSION16_FP8_ONLY_PIPE__T2p0ns/reports/analyze.log,95809,8e550214e099f5370a4098a3c11634ceb115fface09d622268a9cbf70eb07148
evidence/runs/FUSION16_FP8_ONLY_PIPE__T2p0ns/reports/check_design_post.rpt,198794,faec9225844c46adbf7895c4feaab669b80473fecd238196ab3a08c9908fb37d
evidence/runs/FUSION16_FP8_ONLY_PIPE__T2p0ns/reports/report_area.rpt,2048,2b862d5e61ee1c0860e09ecd86c8ca8fa97b6d56fd6a257f683008d9b3e87c9d
evidence/runs/FUSION16_FP8_ONLY_PIPE__T2p0ns/reports/report_constraints.rpt,7207,ac5396d6bc626bf77662fbbae7a4da26d9766ea6f2848b195300f36ac7e23d95
evidence/runs/FUSION16_FP8_ONLY_PIPE__T2p0ns/reports/report_qor.rpt,2478,60aa3b1c7562400d10c7ae2450b487bd030d60a44c044f1b3db501ffff1e0d47
evidence/runs/FUSION16_FP8_ONLY_PIPE__T2p0ns/reports/report_reference_post.rpt,16994,799bd273aed286ef7e4a56f55f11cc2a06fa752146db2c7966947a2fc4191d69
evidence/runs/FUSION16_FP8_ONLY_PIPE__T2p0ns/reports/report_reference_pre.rpt,21494,fb272ccb6ac0b0c7950a09f1e16b60c720409c4f4ea7adc383aa09f4ecf479ff
evidence/runs/FUSION16_FP8_ONLY_PIPE__T2p0ns/reports/report_resources_post.rpt,441519,e2504ffddb42c25e2c36b0c1b01ee84826ad7f8c7dcabe192b3640a43787fca8
evidence/runs/FUSION16_FP8_ONLY_PIPE__T2p0ns/reports/report_resources_pre.rpt,14667,f2a3c76caff10600e45d59630bcff6556c4d7b03022f49de7e525a71360b9aae
evidence/runs/FUSION16_FP8_ONLY_PIPE__T2p0ns/reports/report_timing.rpt,246441,2a667ffd8924fc30d0e39c0476d5dc72a7ce321397afb16800d2dc0e74a99fd1
evidence/runs/FUSION16_FP8_ONLY_PIPE__T2p0ns/summary.kv,785,832bc9fd553bbcde23c7e1d0176bcd21c60d7e13acf3627c3a84710c6aa6c3de
evidence/runs/FUSION16_FP_ACC_ONLY__T0p9ns/meta.json,655,4067b398cca1af9008d73f0b53a994f5372949cc49d559d2e906bd52c5592e2a
evidence/runs/FUSION16_FP_ACC_ONLY__T0p9ns/reports/analyze.log,7744,d331d77c65657045b8c53422cde4dd6e0c09e3dc7cd3f885124e24c65d32a19f
evidence/runs/FUSION16_FP_ACC_ONLY__T0p9ns/reports/check_design_post.rpt,304,94bf7675a38cf2f7e109edbc8dc51e1112bf6d2b3427362c2e14197d434eaf38
evidence/runs/FUSION16_FP_ACC_ONLY__T0p9ns/reports/report_area.rpt,1924,ab93440dae920bd38554e1f59941c131d6e42a8839d726824d5d298954fd8cb9
evidence/runs/FUSION16_FP_ACC_ONLY__T0p9ns/reports/report_constraints.rpt,59956,efdfc133c6071fef034fd70fc25acecd49a2b5231e4bec2ad7b6206b72773e3a
evidence/runs/FUSION16_FP_ACC_ONLY__T0p9ns/reports/report_qor.rpt,2482,7703c8d9a481dd6dbb845616278e9ff6244636d3be4dc94e2b04b1e71a50ec3f
evidence/runs/FUSION16_FP_ACC_ONLY__T0p9ns/reports/report_reference_post.rpt,32592,a06c1d8cb4faa054e0d78bf7437714f95f0e440f386217142a5ef28a01a8f9cd
evidence/runs/FUSION16_FP_ACC_ONLY__T0p9ns/reports/report_reference_pre.rpt,2919,dfccf6ea558a54e9bdf21bcfec351bf4f46ec648a4e1a946e021c37d4c14704b
evidence/runs/FUSION16_FP_ACC_ONLY__T0p9ns/reports/report_resources_post.rpt,137852,4186dcf8b6f6578952b106a8c85494b0428efcc0089433a69e6d8249f89320a4
evidence/runs/FUSION16_FP_ACC_ONLY__T0p9ns/reports/report_resources_pre.rpt,2531,0a1395b622dcd7b3eda327070a0d6e675af210ff0a7086d5342fbd1782303468
evidence/runs/FUSION16_FP_ACC_ONLY__T0p9ns/reports/report_timing.rpt,225706,d2c5a98b2a122761d86a4cd3586ddff923c88b16ba4b31caee18ca0e74b1f443
evidence/runs/FUSION16_FP_ACC_ONLY__T0p9ns/summary.kv,787,2b07d4f1026f5aa7ab24963c1fedeec5d822b9130f7cf2318416641dbf7de2da
evidence/runs/FUSION16_FP_ACC_ONLY__T1p0ns/meta.json,644,324d311d7a063f7a9c45893bee546873ffd53a368d13feca8fd805679f553305
evidence/runs/FUSION16_FP_ACC_ONLY__T1p0ns/reports/analyze.log,7744,552761b88b71738def9969ea18fd9d1c53f183e434c50a8d78ba28a5bb3e6c28
evidence/runs/FUSION16_FP_ACC_ONLY__T1p0ns/reports/check_design_post.rpt,304,94bf7675a38cf2f7e109edbc8dc51e1112bf6d2b3427362c2e14197d434eaf38
evidence/runs/FUSION16_FP_ACC_ONLY__T1p0ns/reports/report_area.rpt,1924,13827dd15790bfaf99234ffd10afe359b34d5c52ce40d2e34736f678ef8f3f8a
evidence/runs/FUSION16_FP_ACC_ONLY__T1p0ns/reports/report_constraints.rpt,58839,6fbd7c4124f6f245371bd2b8b882f312ad1dc0c18a42a9e8165269e891da52bd
evidence/runs/FUSION16_FP_ACC_ONLY__T1p0ns/reports/report_qor.rpt,2481,cb71cbd9d2f4d3a1c3e274a8ac6c9665cf6aa05adfdf3185f3f241812868c7c2
evidence/runs/FUSION16_FP_ACC_ONLY__T1p0ns/reports/report_reference_post.rpt,33811,0d1ea3e56abbd64d3b5e5a1306465700a5484b7bd742f307182b545e3a213d39
evidence/runs/FUSION16_FP_ACC_ONLY__T1p0ns/reports/report_reference_pre.rpt,2919,6d09128991aa91210e145a7f2ba8cd1087c13842f3f3246f47451cd324a1e336
evidence/runs/FUSION16_FP_ACC_ONLY__T1p0ns/reports/report_resources_post.rpt,137852,3d1b570e418759b68d03f097c63f4b2d5a8b08e490ab8597306a1dfc8fb9d6de
evidence/runs/FUSION16_FP_ACC_ONLY__T1p0ns/reports/report_resources_pre.rpt,2531,2f1c1ab974b93acb318fdb747f83ea1220fa7029795b8b60443139f654ad8cc9
evidence/runs/FUSION16_FP_ACC_ONLY__T1p0ns/reports/report_timing.rpt,229456,a47630f669f2348f79912d2092c4ee23bef4cc86bd9443b4391e475e5e3fe8a3
evidence/runs/FUSION16_FP_ACC_ONLY__T1p0ns/summary.kv,780,cb09fce3fa249314e66c4c441472f6fcfbd090e74e96d92b2b2b2225430444fe
evidence/runs/FUSION16_FP_ACC_ONLY__T2p0ns/meta.json,643,c1e952d0876554415a002f3298879caceacea704b223f54db451578d7c4ac6d7
evidence/runs/FUSION16_FP_ACC_ONLY__T2p0ns/reports/analyze.log,7744,b2bf1a2cbbb3e7865b7e82525984472cea767fa6ea46354c2c0d642ab0d71d47
evidence/runs/FUSION16_FP_ACC_ONLY__T2p0ns/reports/check_design_post.rpt,304,94bf7675a38cf2f7e109edbc8dc51e1112bf6d2b3427362c2e14197d434eaf38
evidence/runs/FUSION16_FP_ACC_ONLY__T2p0ns/reports/report_area.rpt,1908,36d0ac603bbe4466140877259eae186399e79a41720f0302d352a5d62fba766d
evidence/runs/FUSION16_FP_ACC_ONLY__T2p0ns/reports/report_constraints.rpt,6296,d3b1fdd40b24fd1ce2ec64b42e9ed51ae8451d578bc1c3e5970d0f0a17baba8d
evidence/runs/FUSION16_FP_ACC_ONLY__T2p0ns/reports/report_qor.rpt,2479,ece7a76c65ba0f3b9add449ef776d5689e636e55ce2f9c4f0cc2487c45ae36f1
evidence/runs/FUSION16_FP_ACC_ONLY__T2p0ns/reports/report_reference_post.rpt,19773,24723291ad949a162e5efbc986387eb790adeb6757270625ca5e01c5333c4eab
evidence/runs/FUSION16_FP_ACC_ONLY__T2p0ns/reports/report_reference_pre.rpt,2919,47384508ea6e79925abf35c10149716a3778d58b1e347a2c9ccd096b017d68d5
evidence/runs/FUSION16_FP_ACC_ONLY__T2p0ns/reports/report_resources_post.rpt,100567,94cebee3ddafad2168f5e316304d9ddda2eb7740deb0375d734accf2c732af09
evidence/runs/FUSION16_FP_ACC_ONLY__T2p0ns/reports/report_resources_pre.rpt,2531,34cc1da264eed9b6684f5d4ab9ef0019a0c8f53555f0a008bb689e49dd424c2b
evidence/runs/FUSION16_FP_ACC_ONLY__T2p0ns/reports/report_timing.rpt,253825,06d54735b0371bf99e9ca37d7a00916e21c4f9606dfaa431d1daffb1f352657b
evidence/runs/FUSION16_FP_ACC_ONLY__T2p0ns/summary.kv,781,fdf9d4d6f767af8cd71430762cf2eb17f8aa395e9713e1b326a4a36829014f63
evidence/runs/FUSION16_INT_ACC_ONLY__T0p9ns/meta.json,629,0cb6b7a22a8fb4e4362f55e4edd407f6772707a19ec2bc56d4780e6a49422789
evidence/runs/FUSION16_INT_ACC_ONLY__T0p9ns/reports/analyze.log,8967,fa3d65fd22fb96f28a9c03408dd427a06ecf57a5ccf017035f4ebc77ba1e1774
evidence/runs/FUSION16_INT_ACC_ONLY__T0p9ns/reports/check_design_post.rpt,304,94bf7675a38cf2f7e109edbc8dc51e1112bf6d2b3427362c2e14197d434eaf38
evidence/runs/FUSION16_INT_ACC_ONLY__T0p9ns/reports/report_area.rpt,1910,83c32acba81de8a452b83aafb6c6c9c009df0bcf21d39b1aeca67341c9e6f6ab
evidence/runs/FUSION16_INT_ACC_ONLY__T0p9ns/reports/report_constraints.rpt,875,0e247437b23d872bc20ccf6aed589382d56913ab31a5f54195d39d03346734ea
evidence/runs/FUSION16_INT_ACC_ONLY__T0p9ns/reports/report_qor.rpt,2479,7ba2e99e69cc37fd15b6272aef8465c75e8b820c4731107377bef07cd6386aa3
evidence/runs/FUSION16_INT_ACC_ONLY__T0p9ns/reports/report_reference_post.rpt,15611,171821d78fb8c5f9f3aedd18d47f368d86677b2dd5f445786bba0346c689a135
evidence/runs/FUSION16_INT_ACC_ONLY__T0p9ns/reports/report_reference_pre.rpt,3314,a7fb3048a0d5f1e60b8254575b588525b08f16712d24850cee43b3a38e9f3e19
evidence/runs/FUSION16_INT_ACC_ONLY__T0p9ns/reports/report_resources_post.rpt,13617,592e39e0657ce73fca4d499d0559935ed2b375c5ba2c535731a0232af35d8b32
evidence/runs/FUSION16_INT_ACC_ONLY__T0p9ns/reports/report_resources_pre.rpt,2536,a389b57e22e3e0780b0ef13c2145172b823d4ab268f6c05993512da92f39d69a
evidence/runs/FUSION16_INT_ACC_ONLY__T0p9ns/reports/report_timing.rpt,152433,393b026a4e7c3d2a700e6b84dcec8e2e37de6784dd20a9d00e13bafc56972b60
evidence/runs/FUSION16_INT_ACC_ONLY__T0p9ns/summary.kv,792,0282e029b1f47ad6ade440415155bf433959a65d38cc6f1ae575c3fad4a2cb9b
evidence/runs/FUSION16_INT_ACC_ONLY__T1p0ns/meta.json,618,7bfe91453023c251e1c197ee2d5e238f0cfcec74d08e796d95ed6827c9925cea
evidence/runs/FUSION16_INT_ACC_ONLY__T1p0ns/reports/analyze.log,8967,7dd4211d86610c8f63a3d0228b62740ff5b6ca81c28825c914a7502afcadf100
evidence/runs/FUSION16_INT_ACC_ONLY__T1p0ns/reports/check_design_post.rpt,304,94bf7675a38cf2f7e109edbc8dc51e1112bf6d2b3427362c2e14197d434eaf38
evidence/runs/FUSION16_INT_ACC_ONLY__T1p0ns/reports/report_area.rpt,1910,d7af4d637360e5b3a7930fbcc0262d351f11c8b6a60f493ee3dc9d74752822e9
evidence/runs/FUSION16_INT_ACC_ONLY__T1p0ns/reports/report_constraints.rpt,875,5ee2fdb3275258f8563ed7b93f02a4a3df6c5fb561fd5feed935b114e4c59a7e
evidence/runs/FUSION16_INT_ACC_ONLY__T1p0ns/reports/report_qor.rpt,2479,fb501216ee39361401447e859416d53f555257d63d237ea1ad3a2551fe63852f
evidence/runs/FUSION16_INT_ACC_ONLY__T1p0ns/reports/report_reference_post.rpt,10943,b75fc093f8aea61872f10fbd9a5292142df3f88e62ea5edd769ee854f960b52d
evidence/runs/FUSION16_INT_ACC_ONLY__T1p0ns/reports/report_reference_pre.rpt,3314,0244d8ffd02449e7187f2822e112855271950fe91c835704dd72ea1e21629ea5
evidence/runs/FUSION16_INT_ACC_ONLY__T1p0ns/reports/report_resources_post.rpt,13617,885fa242d935231b45d3dd5a5567870ca1ae56222051d597b0a4a023a1aec6fc
evidence/runs/FUSION16_INT_ACC_ONLY__T1p0ns/reports/report_resources_pre.rpt,2536,85f4090404a2aa2d6897d312e68099a8fb4ff9e9f916f61aaf8ad79a95e7ed6e
evidence/runs/FUSION16_INT_ACC_ONLY__T1p0ns/reports/report_timing.rpt,155889,c73182c2a5a908cb89cde3754d781f4c0cf79b7063b5a649949a733964862392
evidence/runs/FUSION16_INT_ACC_ONLY__T1p0ns/summary.kv,785,fed7f99d56f3d63a3ef537c39b5b718e3725a4aeb684bfe2ee2c16e8b314879c
evidence/runs/FUSION16_INT_ACC_ONLY__T2p0ns/meta.json,617,4635d7c1becdecce034d372ca98334c70d29301985720f92accdcb988da4ec0e
evidence/runs/FUSION16_INT_ACC_ONLY__T2p0ns/reports/analyze.log,8967,c4a6b75fa8ae42d84e5299269e2e48ec00a3baed12014925e58c963b1dc1e5ce
evidence/runs/FUSION16_INT_ACC_ONLY__T2p0ns/reports/check_design_post.rpt,304,94bf7675a38cf2f7e109edbc8dc51e1112bf6d2b3427362c2e14197d434eaf38
evidence/runs/FUSION16_INT_ACC_ONLY__T2p0ns/reports/report_area.rpt,1910,0edf5ea0f857d6cb8ebefb9f8bb327c96e1ec4fc5829daa5a2bb6da25f048aa9
evidence/runs/FUSION16_INT_ACC_ONLY__T2p0ns/reports/report_constraints.rpt,875,4c63e971002823ca57ee7eb44eaf4f4baa20697d80f93ce0e90f54596b87dcb2
evidence/runs/FUSION16_INT_ACC_ONLY__T2p0ns/reports/report_qor.rpt,2479,4ca55fe62c4ebd04f6283a0eb3494b297922f407aa8d14f3e94d54ebeaf5fa79
evidence/runs/FUSION16_INT_ACC_ONLY__T2p0ns/reports/report_reference_post.rpt,8695,5e51b511b7c83ca8fe861f52e6c25f45b84e1878608e7d0947ed153ac65d20ed
evidence/runs/FUSION16_INT_ACC_ONLY__T2p0ns/reports/report_reference_pre.rpt,3314,a3b27ed9a940463a84973f3818c4ffc485bde368fd1a155c83d6430f92df2891
evidence/runs/FUSION16_INT_ACC_ONLY__T2p0ns/reports/report_resources_post.rpt,13617,27bcfae8e86bbe7408241aa3d6c4a8cf3f49c5859773d804f7ddbeb07ea90d80
evidence/runs/FUSION16_INT_ACC_ONLY__T2p0ns/reports/report_resources_pre.rpt,2536,8e546f867c4540b2a1e53013c71849f73f367aab3de7c370a71d88e3d54ded3f
evidence/runs/FUSION16_INT_ACC_ONLY__T2p0ns/reports/report_timing.rpt,261681,37f10fc9edb716d8886276779667042154057a0c1e104e62f1520efab0750354
evidence/runs/FUSION16_INT_ACC_ONLY__T2p0ns/summary.kv,783,f43fe8ec96380c93fb0db234f5f983fb8c921d9361afcfbab6538817fdef6c9d
evidence/runs/FUSION16_INT_ONLY_PIPE__T0p9ns/meta.json,647,a8b478d964a8fd04deff2b41a603586dc5e98d3f1b4101407c5c3f06c0bd9ca6
evidence/runs/FUSION16_INT_ONLY_PIPE__T0p9ns/reports/analyze.log,91272,7500a31878e48ffc0c5124fa1f0f3a02941c267e884566654cbf3ba589ac1124
evidence/runs/FUSION16_INT_ONLY_PIPE__T0p9ns/reports/check_design_post.rpt,37016,8d2565f477903635e4372d4aad195677811c567f6ce7416b6027d082b4896266
evidence/runs/FUSION16_INT_ONLY_PIPE__T0p9ns/reports/report_area.rpt,1906,0e9544b079df64c6751abfb1745171b6d1cb11c3634ce8dd36e4380814dd517c
evidence/runs/FUSION16_INT_ONLY_PIPE__T0p9ns/reports/report_constraints.rpt,869,f81dbeb514b9a74d59e16e2faeb9180a5b90ac681022719b89d6097668b1b0b8
evidence/runs/FUSION16_INT_ONLY_PIPE__T0p9ns/reports/report_qor.rpt,2477,bab0ae8d54474487bdadb991bd11f8ba45abd9fcb8607f202d265ce50bb179e6
evidence/runs/FUSION16_INT_ONLY_PIPE__T0p9ns/reports/report_reference_post.rpt,26007,9eff1f1fa8d2c5b66300f7d0fa83786afebcf9e1611a65234b63939d69620cde
evidence/runs/FUSION16_INT_ONLY_PIPE__T0p9ns/reports/report_reference_pre.rpt,21547,d282482034e034000dd35ba31943d7c82d3d9eb82fae8d6127c8254388a9f026
evidence/runs/FUSION16_INT_ONLY_PIPE__T0p9ns/reports/report_resources_post.rpt,350336,7385ad4eed48d4d01a8c4b981214b651db931c1a7a1757ab90d4b02757c8ba9e
evidence/runs/FUSION16_INT_ONLY_PIPE__T0p9ns/reports/report_resources_pre.rpt,14679,488a277e8e3ac7985549d198867b45ff65fb7478427832a8d8ad5d1affc72bca
evidence/runs/FUSION16_INT_ONLY_PIPE__T0p9ns/reports/report_timing.rpt,172220,ea8a98452161b90f5b1a8d892602fb8e43d4828ce7cb8f6f685264d9e3e1677f
evidence/runs/FUSION16_INT_ONLY_PIPE__T0p9ns/summary.kv,793,a5dc2e4caddee00280655c33554fb78bab5738316c5507039178b8a13ed32805
evidence/runs/FUSION16_INT_ONLY_PIPE__T1p0ns/meta.json,636,431a32cb456f06db0a0213fc150e23855c821e3be6c6d56589fcdc252476609e
evidence/runs/FUSION16_INT_ONLY_PIPE__T1p0ns/reports/analyze.log,91272,e28aff9ce60bc7b85c20bfdc0b0631dea1655b791e88a3dde497aa55935b1832
evidence/runs/FUSION16_INT_ONLY_PIPE__T1p0ns/reports/check_design_post.rpt,37016,b3a15d4fb85255d1fa49d15c87307da5fa09767e488f348377a45adc77da2646
evidence/runs/FUSION16_INT_ONLY_PIPE__T1p0ns/reports/report_area.rpt,1906,a221db4e2a75297b367b4f7271e6d95377ff11681da48061a805327c86f0a047
evidence/runs/FUSION16_INT_ONLY_PIPE__T1p0ns/reports/report_constraints.rpt,869,aea3a7c92e2008a83b95d6109cc567b0fd668c285ace44d6715393ca6a296a40
evidence/runs/FUSION16_INT_ONLY_PIPE__T1p0ns/reports/report_qor.rpt,2477,95af4ec2e7b9a33d0d9c732801e2f6922855f1b969db8c6340d085bbb9d788c2
evidence/runs/FUSION16_INT_ONLY_PIPE__T1p0ns/reports/report_reference_post.rpt,23924,f97a36b844d8071ccf82f984b7a4600e36173024183c34a7e58374b23ef772a7
evidence/runs/FUSION16_INT_ONLY_PIPE__T1p0ns/reports/report_reference_pre.rpt,21547,b8b912564769ccf44393ab146848f5aa005bc5e0c142b890dd388f4c054558db
evidence/runs/FUSION16_INT_ONLY_PIPE__T1p0ns/reports/report_resources_post.rpt,350336,e5a8dd9a862e29335b59a8035265043d2205a6fbf1221f8db93e296133d63212
evidence/runs/FUSION16_INT_ONLY_PIPE__T1p0ns/reports/report_resources_pre.rpt,14679,90ac52297f52c377973e36932c5d2fe31bf696c50a56a09c40874e968fe67a8a
evidence/runs/FUSION16_INT_ONLY_PIPE__T1p0ns/reports/report_timing.rpt,175557,9669246fa468a79d6fddf170047399b72a28fca70ab9f50cfd94a5f6232326d1
evidence/runs/FUSION16_INT_ONLY_PIPE__T1p0ns/summary.kv,787,8c3a917b0a64ca9ab684fa856dda02e58b287eb78377d5fb0cf50cb66f6011c1
evidence/runs/FUSION16_INT_ONLY_PIPE__T2p0ns/meta.json,635,b457bfa5b0dd30ad48c97fba1a63bf628a57d6b708d3c9580fb8f2e621446ae0
evidence/runs/FUSION16_INT_ONLY_PIPE__T2p0ns/reports/analyze.log,91272,7034e62ce697afad08db8e5399c0d3f2502cd13343d1d32e29051ecdc40cdc15
evidence/runs/FUSION16_INT_ONLY_PIPE__T2p0ns/reports/check_design_post.rpt,37016,c0fb5211767e6231a09d9a62ffec7721e30315cdc0a4256c174cffc19954f483
evidence/runs/FUSION16_INT_ONLY_PIPE__T2p0ns/reports/report_area.rpt,1906,11ea09b9724f220857cf868d0926ec170c7190bcccf1bac92665afec72e31582
evidence/runs/FUSION16_INT_ONLY_PIPE__T2p0ns/reports/report_constraints.rpt,1208,300dd380bc9db54a70a68c57f82e6b451a7dec426a66d08df92f5b5db4907920
evidence/runs/FUSION16_INT_ONLY_PIPE__T2p0ns/reports/report_qor.rpt,2477,09233f0864e9d9a64fda06bfe54ef25bd4bb94f7dea8810f507370f8d9bd7d70
evidence/runs/FUSION16_INT_ONLY_PIPE__T2p0ns/reports/report_reference_post.rpt,11827,b4e9cb19c32153dc391790ee0392236553991405c5bf2bc531ab904f0f8a4a1d
evidence/runs/FUSION16_INT_ONLY_PIPE__T2p0ns/reports/report_reference_pre.rpt,21547,f05782cd06fc910a3001d9f46b7387560a382d391888a86da32f1521f8bb88b6
evidence/runs/FUSION16_INT_ONLY_PIPE__T2p0ns/reports/report_resources_post.rpt,353696,f39edb91b6a2b1565e0b255e50c2aec1d350721160406a122472174b459151cf
evidence/runs/FUSION16_INT_ONLY_PIPE__T2p0ns/reports/report_resources_pre.rpt,14679,43b9400f727c0d957402e9c83f36e5538cd45407a6ef8a591082ff607ae17f3a
evidence/runs/FUSION16_INT_ONLY_PIPE__T2p0ns/reports/report_timing.rpt,246308,7304dc4959d42e96207fe5f02641e3e0d814d18094e3cb3c8ebc8334029f6d55
evidence/runs/FUSION16_INT_ONLY_PIPE__T2p0ns/summary.kv,759,e4c9bb2239ab161fb3d75395b2be8bee33a2c8f07286d38c1ebf469f05bf8b66
evidence/runs/FUSION16_SEPARATE_FULL_PIPE__T0p9ns/meta.json,708,c49f52426ba45b28af1b5c019acd2aaea93aaad6db38a0b116a85f5341f5c887
evidence/runs/FUSION16_SEPARATE_FULL_PIPE__T0p9ns/reports/analyze.log,257666,9b61e459d7d23e68978b6135f649544d3af8210ab4e38c27ed9c7f5efc2cdb05
evidence/runs/FUSION16_SEPARATE_FULL_PIPE__T0p9ns/reports/check_design_post.rpt,122184,8dfa2ac2c0c3029b679296026718ac0246ab8bef863a1f50a287b4518f86d49d
evidence/runs/FUSION16_SEPARATE_FULL_PIPE__T0p9ns/reports/report_area.rpt,1980,7f142c062e9d1f2680f0ea457e9f4d77f8f2dc0b8d45451264c954410bc6cd50
evidence/runs/FUSION16_SEPARATE_FULL_PIPE__T0p9ns/reports/report_constraints.rpt,124836,49e88c51f35927f1e83b59714b675791a270df9d03fb9b5f1f7d15b6be770983
evidence/runs/FUSION16_SEPARATE_FULL_PIPE__T0p9ns/reports/report_qor.rpt,2669,328315a050216541116248083990455798a9f5330bfa30a419d2596a9941b8b1
evidence/runs/FUSION16_SEPARATE_FULL_PIPE__T0p9ns/reports/report_reference_post.rpt,35902,a0c7cdab3c3e0141554af3ba3b6e2c67d0be8799b0f3179dba360bbbeb873f10
evidence/runs/FUSION16_SEPARATE_FULL_PIPE__T0p9ns/reports/report_reference_pre.rpt,62818,0296adf8bcebed8718b777cf4d21a1e06005bd74f046f418a71b927d86e75821
evidence/runs/FUSION16_SEPARATE_FULL_PIPE__T0p9ns/reports/report_resources_post.rpt,1184211,f42cf72502d068cbfa21de0421f0a31f0eea9deaa05ba63c04ce603900f36843
evidence/runs/FUSION16_SEPARATE_FULL_PIPE__T0p9ns/reports/report_resources_pre.rpt,43536,fcad371ca1e9bab773272cd15bca81edf9acfb1e3aa4b0795e68dfd79b1b9135
evidence/runs/FUSION16_SEPARATE_FULL_PIPE__T0p9ns/reports/report_timing.rpt,228301,0bbbaf5569d00649993b5a10ef74f9d7c2834f8685db1cccd9f817599a688d10
evidence/runs/FUSION16_SEPARATE_FULL_PIPE__T0p9ns/summary.kv,802,b66c6c6f4493b2415ddb0f00063fb2bf0b3461e2df27e7f767550c1e6c8e37d5
evidence/runs/FUSION16_SEPARATE_FULL_PIPE__T1p0ns/meta.json,697,dd31f2e3ae62c4532cf844f23049e219a7efa1ffdd79421e602062019ee04ed3
evidence/runs/FUSION16_SEPARATE_FULL_PIPE__T1p0ns/reports/analyze.log,257666,8d43503fe0dcd17e7459c23c125a443a5a08fca02b33ae3b794d509f6405f0b3
evidence/runs/FUSION16_SEPARATE_FULL_PIPE__T1p0ns/reports/check_design_post.rpt,122184,6b9cad9e225a3af0ec66a3f55fb5884e3b21cea3cc71061abc3f1e073e4f5141
evidence/runs/FUSION16_SEPARATE_FULL_PIPE__T1p0ns/reports/report_area.rpt,1980,571826e3d15e4b7739e7ff4bf8b6b29fa0e4e1176ead25e7f4be037fdb63b215
evidence/runs/FUSION16_SEPARATE_FULL_PIPE__T1p0ns/reports/report_constraints.rpt,84790,580f0e01d42b876285d58c995cc9eedc054f8b5659195d6f1f7f62bb093b1dc3
evidence/runs/FUSION16_SEPARATE_FULL_PIPE__T1p0ns/reports/report_qor.rpt,2667,e3ac74b7f1d191e875a24c4f459eb1fb9458a4d0c3f83482ea7d9326e6078b35
evidence/runs/FUSION16_SEPARATE_FULL_PIPE__T1p0ns/reports/report_reference_post.rpt,37452,eb54161a20d7bc74b6afcccf7319404c2021cb0437f5e32f963b7b95c6e44e41
evidence/runs/FUSION16_SEPARATE_FULL_PIPE__T1p0ns/reports/report_reference_pre.rpt,62818,43f9e2ef200851965418280bd214a090a1ddb14f409b7cf3bb75aa2ddbbba119
evidence/runs/FUSION16_SEPARATE_FULL_PIPE__T1p0ns/reports/report_resources_post.rpt,1184211,6d618c1d0b10082ee042f1c442e0182b91a6d43fb4e2133e2c1c251a037d8156
evidence/runs/FUSION16_SEPARATE_FULL_PIPE__T1p0ns/reports/report_resources_pre.rpt,43536,908784e498155ded910d69caaecda81eb1368a5c8d4e5f3d5d0eee152c4bfa0e
evidence/runs/FUSION16_SEPARATE_FULL_PIPE__T1p0ns/reports/report_timing.rpt,229980,5353ce68428c2768baaf1704d9fc728d25d762fce22f14a5aebb757cb5187360
evidence/runs/FUSION16_SEPARATE_FULL_PIPE__T1p0ns/summary.kv,799,6ecf11dbbf3c255f4f96d35c3ce05d050012949f06e86ff593ade200f0023e26
evidence/runs/FUSION16_SEPARATE_FULL_PIPE__T2p0ns/meta.json,696,94335b3231b3b103dc978c94671b6126b3bde3630237b591f9cad2cbf7240737
evidence/runs/FUSION16_SEPARATE_FULL_PIPE__T2p0ns/reports/analyze.log,257666,2e77b252058a9e08d402389794ce252a5acfe10c30bfa3031f57f336684103a8
evidence/runs/FUSION16_SEPARATE_FULL_PIPE__T2p0ns/reports/check_design_post.rpt,122184,8f4223f3e9fec114ce54b11c525f288dc8fc950947ee54b3b7c4dd2cf3607eb8
evidence/runs/FUSION16_SEPARATE_FULL_PIPE__T2p0ns/reports/report_area.rpt,1980,2b51140b7bdc241c92f65d8ff391cc1afe6bedf6856273dc1011ca11830802fa
evidence/runs/FUSION16_SEPARATE_FULL_PIPE__T2p0ns/reports/report_constraints.rpt,45487,dc89f7111fc4633f5dab97353fc12ec5d5286f5a951f577eab310ff37c9aa4d7
evidence/runs/FUSION16_SEPARATE_FULL_PIPE__T2p0ns/reports/report_qor.rpt,2667,edc6a3a1a70114a7a795348806b04a81bc10ac8bf1affe4dfa32024bf3c82fb1
evidence/runs/FUSION16_SEPARATE_FULL_PIPE__T2p0ns/reports/report_reference_post.rpt,16517,d95a057c1117dd7114691aba7c8a46d3805a0b6d0701e07254819b68258a58ce
evidence/runs/FUSION16_SEPARATE_FULL_PIPE__T2p0ns/reports/report_reference_pre.rpt,62818,5510214334c6ce024953f6fe5f28839a21529feade7a9af54f90cbebab05fdc4
evidence/runs/FUSION16_SEPARATE_FULL_PIPE__T2p0ns/reports/report_resources_post.rpt,1146715,ac3280f41c3bbd977231ddeb2d82bd7d678a349c8f2ccd7e385b8a0bd3652b1f
evidence/runs/FUSION16_SEPARATE_FULL_PIPE__T2p0ns/reports/report_resources_pre.rpt,43536,118f590d05890c8e28b94159ddb844b06a11e95864a397fabcb0abae0731596d
evidence/runs/FUSION16_SEPARATE_FULL_PIPE__T2p0ns/reports/report_timing.rpt,261759,898be0ba99263e6c9fa65fe6d727795f1cf18b6ea70e01a70f63bca0eea1604b
evidence/runs/FUSION16_SEPARATE_FULL_PIPE__T2p0ns/summary.kv,802,c35a89cc8c8f011b42d64ede08f443f525d5e7bbccdb15a6057b237b8bfd14ae
evidence/runs/FUSION16_SHARED_FULL_PIPE__T0p9ns/meta.json,660,c144f75b664182184ac8d741cc3ff057f30abd7270c400b62b3dfc31e26b1d30
evidence/runs/FUSION16_SHARED_FULL_PIPE__T0p9ns/reports/analyze.log,65955,7b143b34ac9791d6094a371e6354f5b5910bf761acc247c43b7b9799fd9ab5b8
evidence/runs/FUSION16_SHARED_FULL_PIPE__T0p9ns/reports/check_design_post.rpt,123356,0370739b25ddfc2519de1924b27a71af39b5805b07c026f26ae7813c031cacc9
evidence/runs/FUSION16_SHARED_FULL_PIPE__T0p9ns/reports/report_area.rpt,2062,efa4105787a896b9c6d57061ce2275cf5d7f6ed16264e2d6dee19c9d250ec398
evidence/runs/FUSION16_SHARED_FULL_PIPE__T0p9ns/reports/report_constraints.rpt,107367,8917268a71e2b1bd034ec8286e8922beb3356f908f1534eb7a374742e8cae3e3
evidence/runs/FUSION16_SHARED_FULL_PIPE__T0p9ns/reports/report_qor.rpt,2647,56b57d1fdcc2026231bbbd9bec8ef0dc1c6282158520ca3e7c469b256218468d
evidence/runs/FUSION16_SHARED_FULL_PIPE__T0p9ns/reports/report_reference_post.rpt,59553,373106d09c81803e2ad1735994f9e03695779db1e3f658571e7d665fb5b16484
evidence/runs/FUSION16_SHARED_FULL_PIPE__T0p9ns/reports/report_reference_pre.rpt,20996,0ab84d82eff1625a402b1dbf6abac9769ba69c77f3f309636a599abd2686fed4
evidence/runs/FUSION16_SHARED_FULL_PIPE__T0p9ns/reports/report_resources_post.rpt,571553,c2d2b6d5da4543393d95d7173d293329242bce45f7e3cba9de802245c9fd8adf
evidence/runs/FUSION16_SHARED_FULL_PIPE__T0p9ns/reports/report_resources_pre.rpt,14469,0b759e8cebb22f22c55bc1b6d171d695104053241fbf53604e54a887099b3104
evidence/runs/FUSION16_SHARED_FULL_PIPE__T0p9ns/reports/report_timing.rpt,234220,cbdb18e7979bba49671b1e1c79caddd69dd01d2d293b2563bea04045bef20058
evidence/runs/FUSION16_SHARED_FULL_PIPE__T0p9ns/summary.kv,791,512780a1dcfe5baeb74562423b904de5f2ef01581e93b413cccecc49d1cdbe9c
evidence/runs/FUSION16_SHARED_FULL_PIPE__T1p0ns/meta.json,649,cf3397f0f4cbce66c13d05b0e11d5155d720d160f5e4c79822714af7df1ff453
evidence/runs/FUSION16_SHARED_FULL_PIPE__T1p0ns/reports/analyze.log,65955,2381ce490413308f724467a7b7ad582cb0237c1874a021b2d6015b41c5ed3408
evidence/runs/FUSION16_SHARED_FULL_PIPE__T1p0ns/reports/check_design_post.rpt,122776,d918783f593b26ca052cff3b70b91a81ba9aa5103ff25fb99950cff22d546f0e
evidence/runs/FUSION16_SHARED_FULL_PIPE__T1p0ns/reports/report_area.rpt,2062,5d5a375a192265f2c4d1b5cd77b3f697937ad6701759fe191eba0476da3b2142
evidence/runs/FUSION16_SHARED_FULL_PIPE__T1p0ns/reports/report_constraints.rpt,92453,187097f8218a59fb2f0eb6ce622c0bc2060d039a7525d712bbd7c64d519051b8
evidence/runs/FUSION16_SHARED_FULL_PIPE__T1p0ns/reports/report_qor.rpt,2646,b78a4e1c3003712d5c4f80c871be3d2fe24042056fa9f99acbf645e2ab1bf147
evidence/runs/FUSION16_SHARED_FULL_PIPE__T1p0ns/reports/report_reference_post.rpt,61112,dafc7afe4b31858091a0d53d75cea4ac94fc528d64722656fdff2ee786f6e7a5
evidence/runs/FUSION16_SHARED_FULL_PIPE__T1p0ns/reports/report_reference_pre.rpt,20996,287e21303c64aeb6d53e024a347a65b1619c7cb5c4f4f2d20299b78644b4b4c5
evidence/runs/FUSION16_SHARED_FULL_PIPE__T1p0ns/reports/report_resources_post.rpt,571553,3ac8ee4bc8435d061bad6591ea7e608c38054209f9948ae9f1ad9745a1efeff8
evidence/runs/FUSION16_SHARED_FULL_PIPE__T1p0ns/reports/report_resources_pre.rpt,14469,78c862b9d247f97f5d906fbfd7a1660ebde769440c8fa3e0c6bf0b21efdfd0df
evidence/runs/FUSION16_SHARED_FULL_PIPE__T1p0ns/reports/report_timing.rpt,229132,31bbd0f2867908da928148ee5c771a4ef0f038a1ac6e4a1f53012a3ab77f4398
evidence/runs/FUSION16_SHARED_FULL_PIPE__T1p0ns/summary.kv,783,ea8def32ba7fc8d719c656705213710b5211fb50f211e72b94161446627c2148
evidence/runs/FUSION16_SHARED_FULL_PIPE__T2p0ns/meta.json,648,4eda12874ef15fae1d8c64dc184398b5445590ff7250b485556c2ea9ae8ad28e
evidence/runs/FUSION16_SHARED_FULL_PIPE__T2p0ns/reports/analyze.log,65955,33043de43b50bf20a27023d4b66b10a408362f36a1dc892ebe2d83b6e7fc26ad
evidence/runs/FUSION16_SHARED_FULL_PIPE__T2p0ns/reports/check_design_post.rpt,123010,20da73c9fcff2e1c90c6c4038316d4d533838d4904ce515dd4c0441da4a37d5e
evidence/runs/FUSION16_SHARED_FULL_PIPE__T2p0ns/reports/report_area.rpt,2062,144d0f4ec9a44e90c8c71922389df0513ff6d5ab18067433bc40ccf9c7192b22
evidence/runs/FUSION16_SHARED_FULL_PIPE__T2p0ns/reports/report_constraints.rpt,6656,07407b8a088cdbd74bab0dca24047bd90c1cea355401ed0f7e98aae6dc575fb6
evidence/runs/FUSION16_SHARED_FULL_PIPE__T2p0ns/reports/report_qor.rpt,2644,c0331d35c606cc4d56971f6375d06cc35eec14960fa06854c0238e3183f7b4e7
evidence/runs/FUSION16_SHARED_FULL_PIPE__T2p0ns/reports/report_reference_post.rpt,33934,efc08ac65eb471352d7a9ed2bec194ac4699fa7c7b98605546e20fa34f96ad00
evidence/runs/FUSION16_SHARED_FULL_PIPE__T2p0ns/reports/report_reference_pre.rpt,20996,5acc1a14913fb6ec5bc7fc754462257b7b24b7a155355bd00a3ce2600570f55e
evidence/runs/FUSION16_SHARED_FULL_PIPE__T2p0ns/reports/report_resources_post.rpt,534261,7a8c36ceb97c93a7fb21b8ab6f9fa72f3ada12cae02262ed6e9ce9a0edfb4d76
evidence/runs/FUSION16_SHARED_FULL_PIPE__T2p0ns/reports/report_resources_pre.rpt,14469,02a93c96feea76ec4375d3a3742190a2e0a854fcbf37c7819e4d3afe82a8a4d1
evidence/runs/FUSION16_SHARED_FULL_PIPE__T2p0ns/reports/report_timing.rpt,250081,ad4553c703bfb60a87d824c6079289b5e33870bd0585b2381be8df65ae8f5f6c
evidence/runs/FUSION16_SHARED_FULL_PIPE__T2p0ns/summary.kv,790,1cc0d01f6ebcd37eaeda3f2d013f2c970fbe9c3636054706eee8b484bd9fa26c
results/local_dc/GIT_REPRO_CHECK_V3.json,470,bf7578f1e5e040ed320bfc27133f04bb4e8eadd667d879e56376a810b58a407b
results/local_dc/LOCAL_EXECUTION_REPORT.md,2330,8f3a33b3bc1120b27d94efe88b010fe4517152b285a745d83eadd818b92970a8
results/local_dc/architecture_decision.json,539,de269a83656c26dae76eeeb5c72e687472fbd1ea4f9a1f76b253283eb5a08353
results/local_dc/architecture_pareto.csv,1396,01e2abbbd3c776a95dfba99627a59cc724392edef5640d4dfdfa0802c1992fec
results/local_dc/brick_sharing_proof.json,380,5d1fb8835550c23869057405afb4f34b14d7aff9d81e838b51558be7134d9385
results/local_dc/fusion16_area_raw.csv,24131,5178532ae1889f4afbb40a48a3e9b94b70f46226eecb164fbc92069f0ecb30e1
results/local_dc/fusion16_group_summary.csv,2940,ef480f7798f87ff2febac96a1e6c8e18cf4470b8f2e47b5728a0f4d6b813fffe
results/local_dc/numeric_rtl_crosscheck.csv,541,a49dc4138809f62f770809a34975ea7832602544c91c5f1b3f93f04362351d9a
results/local_dc/pipeline_latency.csv,193,ab482426d884690fabef3e9d074954ef65b442c220a55d832a838b00712d0043
results/local_dc/rtl_compile_summary.csv,700,46871255ee54b7e52a7e5f219f09d95fec5879f2031f6a83c2b8294f957e082b
results/local_dc/validation_report.txt,63,4a3b260d40c9e863448c690fe7a163d9e0e455934f49543ac4812eb88f32321d
