group_id,base_group,architecture_class,rtl_topology,supported_modes,int_w_bits,int_a_bits,fp_sig_width,fp_exp_width,throughput_contract,accumulator_contract,notes,run_id,clock_period_ns,clock_mhz,run_dir,rtl_list,rtl_bundle_sha256,library_set_id,target_libraries,compile_mode,keep_hierarchy,max_cores,mapped_cell_area_um2,leaf_cell_count,blackbox_count,wns_ns,critical_delay_ns,achieved_fmax_mhz,timing_met,rtl_bundle_sha256_reported,library_setup_sha256,tool_version,status,report_dir,combinational_area_um2,noncombinational_area_um2,buf_inv_area_um2,net_interconnect_area_um2,total_cell_area_report_um2
PIPE_MIXREF_BF16,MIXREF_BF16,pipeline_followup,pipelined_fp_mac_dw,BF16xBF16,,,7,8,1 FP MAC/cycle,same-format BF16,Two arithmetic stages,PIPE_MIXREF_BF16__T2p0ns,2.0,500.0,evidence/pipeline/PIPE_MIXREF_BF16__T2p0ns,<GENERATED_RTL_LIST>,55f4162ff29cc2ddcf7250f7c11ce5cca349e808f290e2e83df8d920a6b76250,cln22ul_sc6p5mcpp140z_base_svt_c35_r3p0_tt_0p80v_25c,<CLN22UL_DB>/sc6p5mcpp140z_cln22ul_base_svt_c35_tt_typical_max_0p80v_25c.db,ultra,0,1,444.990004,798,0,0.000246525,1.999753475,500.061638848,1,55f4162ff29cc2ddcf7250f7c11ce5cca349e808f290e2e83df8d920a6b76250,d287a2bc825e981bb60b4cbb580a97ef0014ca2d296287928162262b5ce1bbc5,X-2025.06-SP3,ok,evidence/pipeline/PIPE_MIXREF_BF16__T2p0ns/reports,332.605006,112.384998,24.843,,444.990004
PIPE_MIXREF_BF16,MIXREF_BF16,pipeline_followup,pipelined_fp_mac_dw,BF16xBF16,,,7,8,1 FP MAC/cycle,same-format BF16,Two arithmetic stages,PIPE_MIXREF_BF16__T1p0ns,1.0,1000.0,evidence/pipeline/PIPE_MIXREF_BF16__T1p0ns,<GENERATED_RTL_LIST>,55f4162ff29cc2ddcf7250f7c11ce5cca349e808f290e2e83df8d920a6b76250,cln22ul_sc6p5mcpp140z_base_svt_c35_r3p0_tt_0p80v_25c,<CLN22UL_DB>/sc6p5mcpp140z_cln22ul_base_svt_c35_tt_typical_max_0p80v_25c.db,ultra,0,1,628.901004,1206,0,0.000584006,0.999415994,1000.58434726,1,55f4162ff29cc2ddcf7250f7c11ce5cca349e808f290e2e83df8d920a6b76250,d287a2bc825e981bb60b4cbb580a97ef0014ca2d296287928162262b5ce1bbc5,X-2025.06-SP3,ok,evidence/pipeline/PIPE_MIXREF_BF16__T1p0ns/reports,516.516006,112.384998,53.689999,,628.901004
PIPE_MIXREF_BF16,MIXREF_BF16,pipeline_followup,pipelined_fp_mac_dw,BF16xBF16,,,7,8,1 FP MAC/cycle,same-format BF16,Two arithmetic stages,PIPE_MIXREF_BF16__T0p9ns,0.9,1111.111111111111,evidence/pipeline/PIPE_MIXREF_BF16__T0p9ns,<GENERATED_RTL_LIST>,55f4162ff29cc2ddcf7250f7c11ce5cca349e808f290e2e83df8d920a6b76250,cln22ul_sc6p5mcpp140z_base_svt_c35_r3p0_tt_0p80v_25c,<CLN22UL_DB>/sc6p5mcpp140z_cln22ul_base_svt_c35_tt_typical_max_0p80v_25c.db,ultra,0,1,704.340005,1323,0,0.000560403,0.899439597,1111.80339773,1,55f4162ff29cc2ddcf7250f7c11ce5cca349e808f290e2e83df8d920a6b76250,d287a2bc825e981bb60b4cbb580a97ef0014ca2d296287928162262b5ce1bbc5,X-2025.06-SP3,ok,evidence/pipeline/PIPE_MIXREF_BF16__T0p9ns/reports,591.955007,112.384998,64.609999,,704.340005
PIPE_CONV_I4_FP8,CONV_I4_FP8,pipeline_followup,hybrid_convert_fp_mac_dw_pipeline,I4xFP8/FP8xFP8,4,,3,4,1 FP MAC/cycle,FP8,Register after conversion,PIPE_CONV_I4_FP8__T2p0ns,2.0,500.0,evidence/pipeline/PIPE_CONV_I4_FP8__T2p0ns,<GENERATED_RTL_LIST>,55f4162ff29cc2ddcf7250f7c11ce5cca349e808f290e2e83df8d920a6b76250,cln22ul_sc6p5mcpp140z_base_svt_c35_r3p0_tt_0p80v_25c,<CLN22UL_DB>/sc6p5mcpp140z_cln22ul_base_svt_c35_tt_typical_max_0p80v_25c.db,ultra,0,1,333.424002,736,0,0.000397921,1.999602079,500.099500047,1,55f4162ff29cc2ddcf7250f7c11ce5cca349e808f290e2e83df8d920a6b76250,d287a2bc825e981bb60b4cbb580a97ef0014ca2d296287928162262b5ce1bbc5,X-2025.06-SP3,ok,evidence/pipeline/PIPE_CONV_I4_FP8__T2p0ns/reports,257.348003,76.075999,26.844999,,333.424002
PIPE_CONV_I4_FP8,CONV_I4_FP8,pipeline_followup,hybrid_convert_fp_mac_dw_pipeline,I4xFP8/FP8xFP8,4,,3,4,1 FP MAC/cycle,FP8,Register after conversion,PIPE_CONV_I4_FP8__T1p0ns,1.0,1000.0,evidence/pipeline/PIPE_CONV_I4_FP8__T1p0ns,<GENERATED_RTL_LIST>,55f4162ff29cc2ddcf7250f7c11ce5cca349e808f290e2e83df8d920a6b76250,cln22ul_sc6p5mcpp140z_base_svt_c35_r3p0_tt_0p80v_25c,<CLN22UL_DB>/sc6p5mcpp140z_cln22ul_base_svt_c35_tt_typical_max_0p80v_25c.db,ultra,0,1,713.258006,1310,0,2.80142e-05,0.9999719858,1000.02801498,1,55f4162ff29cc2ddcf7250f7c11ce5cca349e808f290e2e83df8d920a6b76250,d287a2bc825e981bb60b4cbb580a97ef0014ca2d296287928162262b5ce1bbc5,X-2025.06-SP3,ok,evidence/pipeline/PIPE_CONV_I4_FP8__T1p0ns/reports,637.182007,76.075999,68.249999,,713.258006
PIPE_CONV_I4_FP8,CONV_I4_FP8,pipeline_followup,hybrid_convert_fp_mac_dw_pipeline,I4xFP8/FP8xFP8,4,,3,4,1 FP MAC/cycle,FP8,Register after conversion,PIPE_CONV_I4_FP8__T0p9ns,0.9,1111.111111111111,evidence/pipeline/PIPE_CONV_I4_FP8__T0p9ns,<GENERATED_RTL_LIST>,55f4162ff29cc2ddcf7250f7c11ce5cca349e808f290e2e83df8d920a6b76250,cln22ul_sc6p5mcpp140z_base_svt_c35_r3p0_tt_0p80v_25c,<CLN22UL_DB>/sc6p5mcpp140z_cln22ul_base_svt_c35_tt_typical_max_0p80v_25c.db,ultra,0,1,889.616007,1464,0,-0.0260921,0.9260921,1079.80620934,0,55f4162ff29cc2ddcf7250f7c11ce5cca349e808f290e2e83df8d920a6b76250,d287a2bc825e981bb60b4cbb580a97ef0014ca2d296287928162262b5ce1bbc5,X-2025.06-SP3,ok,evidence/pipeline/PIPE_CONV_I4_FP8__T0p9ns/reports,813.540009,76.075999,96.004999,,889.616007
PIPE_CONV_I4_BF16,CONV_I4_BF16,pipeline_followup,hybrid_convert_fp_mac_dw_pipeline,I4xBF16/BF16xBF16,4,,7,8,1 FP MAC/cycle,BF16,Register after conversion,PIPE_CONV_I4_BF16__T2p0ns,2.0,500.0,evidence/pipeline/PIPE_CONV_I4_BF16__T2p0ns,<GENERATED_RTL_LIST>,55f4162ff29cc2ddcf7250f7c11ce5cca349e808f290e2e83df8d920a6b76250,cln22ul_sc6p5mcpp140z_base_svt_c35_r3p0_tt_0p80v_25c,<CLN22UL_DB>/sc6p5mcpp140z_cln22ul_base_svt_c35_tt_typical_max_0p80v_25c.db,ultra,0,1,880.425008,1975,0,0.00101995,1.99898005,500.255117604,1,55f4162ff29cc2ddcf7250f7c11ce5cca349e808f290e2e83df8d920a6b76250,d287a2bc825e981bb60b4cbb580a97ef0014ca2d296287928162262b5ce1bbc5,X-2025.06-SP3,ok,evidence/pipeline/PIPE_CONV_I4_BF16__T2p0ns/reports,749.02101,131.403998,69.705999,,880.425008
PIPE_CONV_I4_BF16,CONV_I4_BF16,pipeline_followup,hybrid_convert_fp_mac_dw_pipeline,I4xBF16/BF16xBF16,4,,7,8,1 FP MAC/cycle,BF16,Register after conversion,PIPE_CONV_I4_BF16__T1p0ns,1.0,1000.0,evidence/pipeline/PIPE_CONV_I4_BF16__T1p0ns,<GENERATED_RTL_LIST>,55f4162ff29cc2ddcf7250f7c11ce5cca349e808f290e2e83df8d920a6b76250,cln22ul_sc6p5mcpp140z_base_svt_c35_r3p0_tt_0p80v_25c,<CLN22UL_DB>/sc6p5mcpp140z_cln22ul_base_svt_c35_tt_typical_max_0p80v_25c.db,ultra,0,1,1482.663015,2576,0,-0.156852,1.156852,864.414808463,0,55f4162ff29cc2ddcf7250f7c11ce5cca349e808f290e2e83df8d920a6b76250,d287a2bc825e981bb60b4cbb580a97ef0014ca2d296287928162262b5ce1bbc5,X-2025.06-SP3,ok,evidence/pipeline/PIPE_CONV_I4_BF16__T1p0ns/reports,1351.168017,131.494998,140.958999,,1482.663015
PIPE_CONV_I4_BF16,CONV_I4_BF16,pipeline_followup,hybrid_convert_fp_mac_dw_pipeline,I4xBF16/BF16xBF16,4,,7,8,1 FP MAC/cycle,BF16,Register after conversion,PIPE_CONV_I4_BF16__T0p9ns,0.9,1111.111111111111,evidence/pipeline/PIPE_CONV_I4_BF16__T0p9ns,<GENERATED_RTL_LIST>,55f4162ff29cc2ddcf7250f7c11ce5cca349e808f290e2e83df8d920a6b76250,cln22ul_sc6p5mcpp140z_base_svt_c35_r3p0_tt_0p80v_25c,<CLN22UL_DB>/sc6p5mcpp140z_cln22ul_base_svt_c35_tt_typical_max_0p80v_25c.db,ultra,0,1,1470.742014,2556,0,-0.250751,1.150751,868.997724095,0,55f4162ff29cc2ddcf7250f7c11ce5cca349e808f290e2e83df8d920a6b76250,d287a2bc825e981bb60b4cbb580a97ef0014ca2d296287928162262b5ce1bbc5,X-2025.06-SP3,ok,evidence/pipeline/PIPE_CONV_I4_BF16__T0p9ns/reports,1339.338016,131.403998,139.320999,,1470.742014
PIPE_SHARED_NATIVE_ALL_DUALACC,SHARED_NATIVE_ALL_DUALACC,pipeline_followup,hybrid_shared_mul_dual_acc_pipeline,I4/I8/FP8/BF16 pairs,8,8,7,8,1 common product/cycle,INT40 + FP32,Register shared product before accumulator,PIPE_SHARED_NATIVE_ALL_DUALACC__T2p0ns,2.0,500.0,evidence/pipeline/PIPE_SHARED_NATIVE_ALL_DUALACC__T2p0ns,<GENERATED_RTL_LIST>,55f4162ff29cc2ddcf7250f7c11ce5cca349e808f290e2e83df8d920a6b76250,cln22ul_sc6p5mcpp140z_base_svt_c35_r3p0_tt_0p80v_25c,<CLN22UL_DB>/sc6p5mcpp140z_cln22ul_base_svt_c35_tt_typical_max_0p80v_25c.db,ultra,0,1,1179.45101,2520,0,0.000349522,1.999650478,500.087395773,1,55f4162ff29cc2ddcf7250f7c11ce5cca349e808f290e2e83df8d920a6b76250,d287a2bc825e981bb60b4cbb580a97ef0014ca2d296287928162262b5ce1bbc5,X-2025.06-SP3,ok,evidence/pipeline/PIPE_SHARED_NATIVE_ALL_DUALACC__T2p0ns/reports,952.952014,226.498996,81.626998,,1179.45101
PIPE_SHARED_NATIVE_ALL_DUALACC,SHARED_NATIVE_ALL_DUALACC,pipeline_followup,hybrid_shared_mul_dual_acc_pipeline,I4/I8/FP8/BF16 pairs,8,8,7,8,1 common product/cycle,INT40 + FP32,Register shared product before accumulator,PIPE_SHARED_NATIVE_ALL_DUALACC__T1p0ns,1.0,1000.0,evidence/pipeline/PIPE_SHARED_NATIVE_ALL_DUALACC__T1p0ns,<GENERATED_RTL_LIST>,55f4162ff29cc2ddcf7250f7c11ce5cca349e808f290e2e83df8d920a6b76250,cln22ul_sc6p5mcpp140z_base_svt_c35_r3p0_tt_0p80v_25c,<CLN22UL_DB>/sc6p5mcpp140z_cln22ul_base_svt_c35_tt_typical_max_0p80v_25c.db,ultra,0,1,2027.389016,4089,0,0.000180244,0.999819756,1000.18027649,1,55f4162ff29cc2ddcf7250f7c11ce5cca349e808f290e2e83df8d920a6b76250,d287a2bc825e981bb60b4cbb580a97ef0014ca2d296287928162262b5ce1bbc5,X-2025.06-SP3,ok,evidence/pipeline/PIPE_SHARED_NATIVE_ALL_DUALACC__T1p0ns/reports,1800.89002,226.498996,216.488997,,2027.389016
PIPE_SHARED_NATIVE_ALL_DUALACC,SHARED_NATIVE_ALL_DUALACC,pipeline_followup,hybrid_shared_mul_dual_acc_pipeline,I4/I8/FP8/BF16 pairs,8,8,7,8,1 common product/cycle,INT40 + FP32,Register shared product before accumulator,PIPE_SHARED_NATIVE_ALL_DUALACC__T0p9ns,0.9,1111.111111111111,evidence/pipeline/PIPE_SHARED_NATIVE_ALL_DUALACC__T0p9ns,<GENERATED_RTL_LIST>,55f4162ff29cc2ddcf7250f7c11ce5cca349e808f290e2e83df8d920a6b76250,cln22ul_sc6p5mcpp140z_base_svt_c35_r3p0_tt_0p80v_25c,<CLN22UL_DB>/sc6p5mcpp140z_cln22ul_base_svt_c35_tt_typical_max_0p80v_25c.db,ultra,0,1,2268.266019,4291,0,-0.0579037,0.9579037,1043.9462756,0,55f4162ff29cc2ddcf7250f7c11ce5cca349e808f290e2e83df8d920a6b76250,d287a2bc825e981bb60b4cbb580a97ef0014ca2d296287928162262b5ce1bbc5,X-2025.06-SP3,ok,evidence/pipeline/PIPE_SHARED_NATIVE_ALL_DUALACC__T0p9ns/reports,2041.494022,226.771997,256.073998,,2268.266019
PIPE_ARRAY4_DUAL_W4A8_FP8,ARRAY4_DUAL_W4A8_FP8,pipeline_followup,generated_4x4_dual_pipeline,4x4 W4A8/FP8 dual,4,8,3,4,16 INT or 16 FP,dual,Pipelined FP arithmetic per cell,PIPE_ARRAY4_DUAL_W4A8_FP8__T2p0ns,2.0,500.0,evidence/pipeline/PIPE_ARRAY4_DUAL_W4A8_FP8__T2p0ns,<GENERATED_RTL_LIST>,55f4162ff29cc2ddcf7250f7c11ce5cca349e808f290e2e83df8d920a6b76250,cln22ul_sc6p5mcpp140z_base_svt_c35_r3p0_tt_0p80v_25c,<CLN22UL_DB>/sc6p5mcpp140z_cln22ul_base_svt_c35_tt_typical_max_0p80v_25c.db,ultra,0,1,6907.810053,11465,0,4.06504e-05,1.9999593496,500.010162807,1,55f4162ff29cc2ddcf7250f7c11ce5cca349e808f290e2e83df8d920a6b76250,d287a2bc825e981bb60b4cbb580a97ef0014ca2d296287928162262b5ce1bbc5,X-2025.06-SP3,ok,evidence/pipeline/PIPE_ARRAY4_DUAL_W4A8_FP8__T2p0ns/reports,4639.362089,2268.447964,371.825993,,6907.810053
PIPE_ARRAY4_DUAL_W4A8_FP8,ARRAY4_DUAL_W4A8_FP8,pipeline_followup,generated_4x4_dual_pipeline,4x4 W4A8/FP8 dual,4,8,3,4,16 INT or 16 FP,dual,Pipelined FP arithmetic per cell,PIPE_ARRAY4_DUAL_W4A8_FP8__T1p0ns,1.0,1000.0,evidence/pipeline/PIPE_ARRAY4_DUAL_W4A8_FP8__T1p0ns,<GENERATED_RTL_LIST>,55f4162ff29cc2ddcf7250f7c11ce5cca349e808f290e2e83df8d920a6b76250,cln22ul_sc6p5mcpp140z_base_svt_c35_r3p0_tt_0p80v_25c,<CLN22UL_DB>/sc6p5mcpp140z_cln22ul_base_svt_c35_tt_typical_max_0p80v_25c.db,ultra,0,1,7833.098036,15042,0,1.71661e-05,0.9999828339,1000.01716639,1,55f4162ff29cc2ddcf7250f7c11ce5cca349e808f290e2e83df8d920a6b76250,d287a2bc825e981bb60b4cbb580a97ef0014ca2d296287928162262b5ce1bbc5,X-2025.06-SP3,ok,evidence/pipeline/PIPE_ARRAY4_DUAL_W4A8_FP8__T1p0ns/reports,5564.650072,2268.447964,614.613989,,7833.098036
PIPE_ARRAY4_DUAL_W4A8_FP8,ARRAY4_DUAL_W4A8_FP8,pipeline_followup,generated_4x4_dual_pipeline,4x4 W4A8/FP8 dual,4,8,3,4,16 INT or 16 FP,dual,Pipelined FP arithmetic per cell,PIPE_ARRAY4_DUAL_W4A8_FP8__T0p9ns,0.9,1111.111111111111,evidence/pipeline/PIPE_ARRAY4_DUAL_W4A8_FP8__T0p9ns,<GENERATED_RTL_LIST>,55f4162ff29cc2ddcf7250f7c11ce5cca349e808f290e2e83df8d920a6b76250,cln22ul_sc6p5mcpp140z_base_svt_c35_r3p0_tt_0p80v_25c,<CLN22UL_DB>/sc6p5mcpp140z_cln22ul_base_svt_c35_tt_typical_max_0p80v_25c.db,ultra,0,1,8094.541035,15727,0,1.64509e-05,0.8999835491,1111.13142124,1,55f4162ff29cc2ddcf7250f7c11ce5cca349e808f290e2e83df8d920a6b76250,d287a2bc825e981bb60b4cbb580a97ef0014ca2d296287928162262b5ce1bbc5,X-2025.06-SP3,ok,evidence/pipeline/PIPE_ARRAY4_DUAL_W4A8_FP8__T0p9ns/reports,5826.093072,2268.447964,664.026989,,8094.541035
PIPE2_CONV_I4_BF16,CONV_I4_BF16,pipeline_followup,hybrid_convert_fp_mac_dw_pipeline2,I4xBF16/BF16xBF16,4,,7,8,1 FP MAC/cycle,BF16,Conversion plus registered multiply and add,PIPE2_CONV_I4_BF16__T2p0ns,2.0,500.0,evidence/pipeline/PIPE2_CONV_I4_BF16__T2p0ns,<GENERATED_RTL_LIST>,55f4162ff29cc2ddcf7250f7c11ce5cca349e808f290e2e83df8d920a6b76250,cln22ul_sc6p5mcpp140z_base_svt_c35_r3p0_tt_0p80v_25c,<CLN22UL_DB>/sc6p5mcpp140z_cln22ul_base_svt_c35_tt_typical_max_0p80v_25c.db,ultra,0,1,572.936003,953,0,9.94205e-05,1.9999005795,500.024856361,1,55f4162ff29cc2ddcf7250f7c11ce5cca349e808f290e2e83df8d920a6b76250,d287a2bc825e981bb60b4cbb580a97ef0014ca2d296287928162262b5ce1bbc5,X-2025.06-SP3,ok,evidence/pipeline/PIPE2_CONV_I4_BF16__T2p0ns/reports,368.914006,204.021997,28.846999,,572.936003
PIPE2_CONV_I4_BF16,CONV_I4_BF16,pipeline_followup,hybrid_convert_fp_mac_dw_pipeline2,I4xBF16/BF16xBF16,4,,7,8,1 FP MAC/cycle,BF16,Conversion plus registered multiply and add,PIPE2_CONV_I4_BF16__T1p0ns,1.0,1000.0,evidence/pipeline/PIPE2_CONV_I4_BF16__T1p0ns,<GENERATED_RTL_LIST>,55f4162ff29cc2ddcf7250f7c11ce5cca349e808f290e2e83df8d920a6b76250,cln22ul_sc6p5mcpp140z_base_svt_c35_r3p0_tt_0p80v_25c,<CLN22UL_DB>/sc6p5mcpp140z_cln22ul_base_svt_c35_tt_typical_max_0p80v_25c.db,ultra,0,1,749.931003,1356,0,0.000199854,0.999800146,1000.19989395,1,55f4162ff29cc2ddcf7250f7c11ce5cca349e808f290e2e83df8d920a6b76250,d287a2bc825e981bb60b4cbb580a97ef0014ca2d296287928162262b5ce1bbc5,X-2025.06-SP3,ok,evidence/pipeline/PIPE2_CONV_I4_BF16__T1p0ns/reports,545.909007,204.021997,51.505999,,749.931003
PIPE2_CONV_I4_BF16,CONV_I4_BF16,pipeline_followup,hybrid_convert_fp_mac_dw_pipeline2,I4xBF16/BF16xBF16,4,,7,8,1 FP MAC/cycle,BF16,Conversion plus registered multiply and add,PIPE2_CONV_I4_BF16__T0p9ns,0.9,1111.111111111111,evidence/pipeline/PIPE2_CONV_I4_BF16__T0p9ns,<GENERATED_RTL_LIST>,55f4162ff29cc2ddcf7250f7c11ce5cca349e808f290e2e83df8d920a6b76250,cln22ul_sc6p5mcpp140z_base_svt_c35_r3p0_tt_0p80v_25c,<CLN22UL_DB>/sc6p5mcpp140z_cln22ul_base_svt_c35_tt_typical_max_0p80v_25c.db,ultra,0,1,816.725005,1460,0,0.000354052,0.899645948,1111.54838437,1,55f4162ff29cc2ddcf7250f7c11ce5cca349e808f290e2e83df8d920a6b76250,d287a2bc825e981bb60b4cbb580a97ef0014ca2d296287928162262b5ce1bbc5,X-2025.06-SP3,ok,evidence/pipeline/PIPE2_CONV_I4_BF16__T0p9ns/reports,612.703008,204.021997,63.608999,,816.725005
PIPE2_CONV_I8_BF16,CONV_I8_BF16,pipeline_followup,hybrid_convert_fp_mac_dw_pipeline2,I8xBF16/BF16xBF16,8,,7,8,1 FP MAC/cycle,BF16,Conversion plus registered multiply and add,PIPE2_CONV_I8_BF16__T2p0ns,2.0,500.0,evidence/pipeline/PIPE2_CONV_I8_BF16__T2p0ns,<GENERATED_RTL_LIST>,55f4162ff29cc2ddcf7250f7c11ce5cca349e808f290e2e83df8d920a6b76250,cln22ul_sc6p5mcpp140z_base_svt_c35_r3p0_tt_0p80v_25c,<CLN22UL_DB>/sc6p5mcpp140z_cln22ul_base_svt_c35_tt_typical_max_0p80v_25c.db,ultra,0,1,607.243004,1043,0,0.000143051,1.999856949,500.035765308,1,55f4162ff29cc2ddcf7250f7c11ce5cca349e808f290e2e83df8d920a6b76250,d287a2bc825e981bb60b4cbb580a97ef0014ca2d296287928162262b5ce1bbc5,X-2025.06-SP3,ok,evidence/pipeline/PIPE2_CONV_I8_BF16__T2p0ns/reports,403.221007,204.021997,31.758999,,607.243004
PIPE2_CONV_I8_BF16,CONV_I8_BF16,pipeline_followup,hybrid_convert_fp_mac_dw_pipeline2,I8xBF16/BF16xBF16,8,,7,8,1 FP MAC/cycle,BF16,Conversion plus registered multiply and add,PIPE2_CONV_I8_BF16__T1p0ns,1.0,1000.0,evidence/pipeline/PIPE2_CONV_I8_BF16__T1p0ns,<GENERATED_RTL_LIST>,55f4162ff29cc2ddcf7250f7c11ce5cca349e808f290e2e83df8d920a6b76250,cln22ul_sc6p5mcpp140z_base_svt_c35_r3p0_tt_0p80v_25c,<CLN22UL_DB>/sc6p5mcpp140z_cln22ul_base_svt_c35_tt_typical_max_0p80v_25c.db,ultra,0,1,780.871003,1445,0,0.000123322,0.999876678,1000.12333721,1,55f4162ff29cc2ddcf7250f7c11ce5cca349e808f290e2e83df8d920a6b76250,d287a2bc825e981bb60b4cbb580a97ef0014ca2d296287928162262b5ce1bbc5,X-2025.06-SP3,ok,evidence/pipeline/PIPE2_CONV_I8_BF16__T1p0ns/reports,576.849007,204.021997,54.872999,,780.871003
PIPE2_CONV_I8_BF16,CONV_I8_BF16,pipeline_followup,hybrid_convert_fp_mac_dw_pipeline2,I8xBF16/BF16xBF16,8,,7,8,1 FP MAC/cycle,BF16,Conversion plus registered multiply and add,PIPE2_CONV_I8_BF16__T0p9ns,0.9,1111.111111111111,evidence/pipeline/PIPE2_CONV_I8_BF16__T0p9ns,<GENERATED_RTL_LIST>,55f4162ff29cc2ddcf7250f7c11ce5cca349e808f290e2e83df8d920a6b76250,cln22ul_sc6p5mcpp140z_base_svt_c35_r3p0_tt_0p80v_25c,<CLN22UL_DB>/sc6p5mcpp140z_cln22ul_base_svt_c35_tt_typical_max_0p80v_25c.db,ultra,0,1,849.758004,1560,0,0.000284553,0.899715447,1111.46252222,1,55f4162ff29cc2ddcf7250f7c11ce5cca349e808f290e2e83df8d920a6b76250,d287a2bc825e981bb60b4cbb580a97ef0014ca2d296287928162262b5ce1bbc5,X-2025.06-SP3,ok,evidence/pipeline/PIPE2_CONV_I8_BF16__T0p9ns/reports,645.736007,204.021997,65.428999,,849.758004
PIPE_MIXREF_FP8,MIXREF_FP8_E4M3,pipeline_followup,pipelined_fp_mac_dw,FP8xFP8,,,3,4,1 FP MAC/cycle,same-format FP8,Two arithmetic stages,PIPE_MIXREF_FP8__T2p0ns,2.0,500.0,evidence/pipeline/PIPE_MIXREF_FP8__T2p0ns,<GENERATED_RTL_LIST>,55f4162ff29cc2ddcf7250f7c11ce5cca349e808f290e2e83df8d920a6b76250,cln22ul_sc6p5mcpp140z_base_svt_c35_r3p0_tt_0p80v_25c,<CLN22UL_DB>/sc6p5mcpp140z_cln22ul_base_svt_c35_tt_typical_max_0p80v_25c.db,ultra,0,1,211.848001,399,0,0.393786,1.606214,622.582046975,1,55f4162ff29cc2ddcf7250f7c11ce5cca349e808f290e2e83df8d920a6b76250,d287a2bc825e981bb60b4cbb580a97ef0014ca2d296287928162262b5ce1bbc5,X-2025.06-SP3,ok,evidence/pipeline/PIPE_MIXREF_FP8__T2p0ns/reports,140.959002,70.888999,13.013,,211.848001
PIPE_MIXREF_FP8,MIXREF_FP8_E4M3,pipeline_followup,pipelined_fp_mac_dw,FP8xFP8,,,3,4,1 FP MAC/cycle,same-format FP8,Two arithmetic stages,PIPE_MIXREF_FP8__T1p0ns,1.0,1000.0,evidence/pipeline/PIPE_MIXREF_FP8__T1p0ns,<GENERATED_RTL_LIST>,55f4162ff29cc2ddcf7250f7c11ce5cca349e808f290e2e83df8d920a6b76250,cln22ul_sc6p5mcpp140z_base_svt_c35_r3p0_tt_0p80v_25c,<CLN22UL_DB>/sc6p5mcpp140z_cln22ul_base_svt_c35_tt_typical_max_0p80v_25c.db,ultra,0,1,245.7,469,0,0.000653625,0.999346375,1000.65405251,1,55f4162ff29cc2ddcf7250f7c11ce5cca349e808f290e2e83df8d920a6b76250,d287a2bc825e981bb60b4cbb580a97ef0014ca2d296287928162262b5ce1bbc5,X-2025.06-SP3,ok,evidence/pipeline/PIPE_MIXREF_FP8__T1p0ns/reports,174.811002,70.888999,22.204,,245.7
PIPE_MIXREF_FP8,MIXREF_FP8_E4M3,pipeline_followup,pipelined_fp_mac_dw,FP8xFP8,,,3,4,1 FP MAC/cycle,same-format FP8,Two arithmetic stages,PIPE_MIXREF_FP8__T0p9ns,0.9,1111.111111111111,evidence/pipeline/PIPE_MIXREF_FP8__T0p9ns,<GENERATED_RTL_LIST>,55f4162ff29cc2ddcf7250f7c11ce5cca349e808f290e2e83df8d920a6b76250,cln22ul_sc6p5mcpp140z_base_svt_c35_r3p0_tt_0p80v_25c,<CLN22UL_DB>/sc6p5mcpp140z_cln22ul_base_svt_c35_tt_typical_max_0p80v_25c.db,ultra,0,1,260.351001,488,0,0.000320196,0.899679804,1111.5065555,1,55f4162ff29cc2ddcf7250f7c11ce5cca349e808f290e2e83df8d920a6b76250,d287a2bc825e981bb60b4cbb580a97ef0014ca2d296287928162262b5ce1bbc5,X-2025.06-SP3,ok,evidence/pipeline/PIPE_MIXREF_FP8__T0p9ns/reports,189.462002,70.888999,22.113,,260.351001
PIPE_MIXREF_INT_W4A8_L1,MIXREF_INT_W4A8_L4,pipeline_followup,int_l1_reference,W4A8,4,8,,,1 INT MAC/cycle,INT40,One-lane throughput-matched INT cell,PIPE_MIXREF_INT_W4A8_L1__T2p0ns,2.0,500.0,evidence/pipeline/PIPE_MIXREF_INT_W4A8_L1__T2p0ns,<GENERATED_RTL_LIST>,55f4162ff29cc2ddcf7250f7c11ce5cca349e808f290e2e83df8d920a6b76250,cln22ul_sc6p5mcpp140z_base_svt_c35_r3p0_tt_0p80v_25c,<CLN22UL_DB>/sc6p5mcpp140z_cln22ul_base_svt_c35_tt_typical_max_0p80v_25c.db,ultra,0,1,219.492002,322,0,0.00125813,1.99874187,500.314730486,1,55f4162ff29cc2ddcf7250f7c11ce5cca349e808f290e2e83df8d920a6b76250,d287a2bc825e981bb60b4cbb580a97ef0014ca2d296287928162262b5ce1bbc5,X-2025.06-SP3,ok,evidence/pipeline/PIPE_MIXREF_INT_W4A8_L1__T2p0ns/reports,148.603004,70.888999,9.919,,219.492002
PIPE_MIXREF_INT_W4A8_L1,MIXREF_INT_W4A8_L4,pipeline_followup,int_l1_reference,W4A8,4,8,,,1 INT MAC/cycle,INT40,One-lane throughput-matched INT cell,PIPE_MIXREF_INT_W4A8_L1__T1p0ns,1.0,1000.0,evidence/pipeline/PIPE_MIXREF_INT_W4A8_L1__T1p0ns,<GENERATED_RTL_LIST>,55f4162ff29cc2ddcf7250f7c11ce5cca349e808f290e2e83df8d920a6b76250,cln22ul_sc6p5mcpp140z_base_svt_c35_r3p0_tt_0p80v_25c,<CLN22UL_DB>/sc6p5mcpp140z_cln22ul_base_svt_c35_tt_typical_max_0p80v_25c.db,ultra,0,1,242.788002,464,0,3.20673e-05,0.9999679327,1000.03206833,1,55f4162ff29cc2ddcf7250f7c11ce5cca349e808f290e2e83df8d920a6b76250,d287a2bc825e981bb60b4cbb580a97ef0014ca2d296287928162262b5ce1bbc5,X-2025.06-SP3,ok,evidence/pipeline/PIPE_MIXREF_INT_W4A8_L1__T1p0ns/reports,171.899003,70.888999,16.289,,242.788002
PIPE_MIXREF_INT_W4A8_L1,MIXREF_INT_W4A8_L4,pipeline_followup,int_l1_reference,W4A8,4,8,,,1 INT MAC/cycle,INT40,One-lane throughput-matched INT cell,PIPE_MIXREF_INT_W4A8_L1__T0p9ns,0.9,1111.111111111111,evidence/pipeline/PIPE_MIXREF_INT_W4A8_L1__T0p9ns,<GENERATED_RTL_LIST>,55f4162ff29cc2ddcf7250f7c11ce5cca349e808f290e2e83df8d920a6b76250,cln22ul_sc6p5mcpp140z_base_svt_c35_r3p0_tt_0p80v_25c,<CLN22UL_DB>/sc6p5mcpp140z_cln22ul_base_svt_c35_tt_typical_max_0p80v_25c.db,ultra,0,1,245.700002,465,0,0.00133914,0.89866086,1112.76683398,1,55f4162ff29cc2ddcf7250f7c11ce5cca349e808f290e2e83df8d920a6b76250,d287a2bc825e981bb60b4cbb580a97ef0014ca2d296287928162262b5ce1bbc5,X-2025.06-SP3,ok,evidence/pipeline/PIPE_MIXREF_INT_W4A8_L1__T0p9ns/reports,174.811003,70.888999,15.288,,245.700002
PIPE_ARRAY4_SEP_W4A8_FP8,ARRAY4_SEP_W4A8_FP8,pipeline_followup,generated_4x4_sep_pipeline,4x4 W4A8 + 4x4 FP8,4,8,3,4,16 INT + 16 FP simultaneous,dual,Pipelined separate FP arithmetic per cell,PIPE_ARRAY4_SEP_W4A8_FP8__T2p0ns,2.0,500.0,evidence/pipeline/PIPE_ARRAY4_SEP_W4A8_FP8__T2p0ns,<GENERATED_RTL_LIST>,55f4162ff29cc2ddcf7250f7c11ce5cca349e808f290e2e83df8d920a6b76250,cln22ul_sc6p5mcpp140z_base_svt_c35_r3p0_tt_0p80v_25c,<CLN22UL_DB>/sc6p5mcpp140z_cln22ul_base_svt_c35_tt_typical_max_0p80v_25c.db,ultra,0,1,6891.339053,11388,0,0.000153422,1.999846578,500.038358443,1,55f4162ff29cc2ddcf7250f7c11ce5cca349e808f290e2e83df8d920a6b76250,d287a2bc825e981bb60b4cbb580a97ef0014ca2d296287928162262b5ce1bbc5,X-2025.06-SP3,ok,evidence/pipeline/PIPE_ARRAY4_SEP_W4A8_FP8__T2p0ns/reports,4622.891089,2268.447964,360.905993,,6891.339053
PIPE_ARRAY4_SEP_W4A8_FP8,ARRAY4_SEP_W4A8_FP8,pipeline_followup,generated_4x4_sep_pipeline,4x4 W4A8 + 4x4 FP8,4,8,3,4,16 INT + 16 FP simultaneous,dual,Pipelined separate FP arithmetic per cell,PIPE_ARRAY4_SEP_W4A8_FP8__T1p0ns,1.0,1000.0,evidence/pipeline/PIPE_ARRAY4_SEP_W4A8_FP8__T1p0ns,<GENERATED_RTL_LIST>,55f4162ff29cc2ddcf7250f7c11ce5cca349e808f290e2e83df8d920a6b76250,cln22ul_sc6p5mcpp140z_base_svt_c35_r3p0_tt_0p80v_25c,<CLN22UL_DB>/sc6p5mcpp140z_cln22ul_base_svt_c35_tt_typical_max_0p80v_25c.db,ultra,0,1,7821.996036,14980,0,9.23872e-06,0.99999076128,1000.00923881,1,55f4162ff29cc2ddcf7250f7c11ce5cca349e808f290e2e83df8d920a6b76250,d287a2bc825e981bb60b4cbb580a97ef0014ca2d296287928162262b5ce1bbc5,X-2025.06-SP3,ok,evidence/pipeline/PIPE_ARRAY4_SEP_W4A8_FP8__T1p0ns/reports,5553.548072,2268.447964,607.151989,,7821.996036
PIPE_ARRAY4_SEP_W4A8_FP8,ARRAY4_SEP_W4A8_FP8,pipeline_followup,generated_4x4_sep_pipeline,4x4 W4A8 + 4x4 FP8,4,8,3,4,16 INT + 16 FP simultaneous,dual,Pipelined separate FP arithmetic per cell,PIPE_ARRAY4_SEP_W4A8_FP8__T0p9ns,0.9,1111.111111111111,evidence/pipeline/PIPE_ARRAY4_SEP_W4A8_FP8__T0p9ns,<GENERATED_RTL_LIST>,55f4162ff29cc2ddcf7250f7c11ce5cca349e808f290e2e83df8d920a6b76250,cln22ul_sc6p5mcpp140z_base_svt_c35_r3p0_tt_0p80v_25c,<CLN22UL_DB>/sc6p5mcpp140z_cln22ul_base_svt_c35_tt_typical_max_0p80v_25c.db,ultra,0,1,8079.708035,15660,0,3.39746e-06,0.89999660254,1111.11530552,1,55f4162ff29cc2ddcf7250f7c11ce5cca349e808f290e2e83df8d920a6b76250,d287a2bc825e981bb60b4cbb580a97ef0014ca2d296287928162262b5ce1bbc5,X-2025.06-SP3,ok,evidence/pipeline/PIPE_ARRAY4_SEP_W4A8_FP8__T0p9ns/reports,5811.260072,2268.447964,657.110989,,8079.708035
