input_kind,distribution,dot_length,samples,items_per_cycle,accum_style,block_products,median_cancellation_ratio,p99_cancellation_ratio,reference_rms,rmse,nrmse,relative_samples,median_relative_error_filtered,p95_relative_error_filtered,p99_relative_error_filtered,max_abs_error
fp8_proxy,gaussian,128,1600,4,full_bf16,,10.36092149211666,504.7224706419304,10.565800626043991,0.07323688992077274,0.006931504058504446,1485,0.0055921473812687176,0.026221518983832837,0.04719580861353254,0.35662841796875
fp8_proxy,gaussian,128,1600,4,bf16_tree_fp32_recurrent,,10.36092149211666,504.7224706419304,10.565800626043991,0.023881428685732696,0.002260257365340263,1485,0.0020017789284184784,0.013466860322914128,0.027195792941331964,0.10158538818359375
fp8_proxy,gaussian,128,1600,4,bf16_block64_fp32_checkpoint,64,10.36092149211666,504.7224706419304,10.565800626043991,0.0581260247907359,0.005501336514665925,1485,0.00469355742709165,0.02603831259282539,0.05654052715602163,0.244537353515625
fp8_proxy,gaussian,1024,600,4,full_bf16,,32.156056626355905,1464.1053155772931,27.575782821493892,0.5653165601140662,0.020500471873220266,552,0.015793810125419642,0.07612668916772407,0.16595545869889616,3.2554070949554443
fp8_proxy,gaussian,1024,600,4,bf16_tree_fp32_recurrent,,32.156056626355905,1464.1053155772931,27.575782821493892,0.06961361977564029,0.002524447636764099,552,0.0022934715254074485,0.015560669441697352,0.02841242530252451,0.22854232788085938
fp8_proxy,gaussian,1024,600,4,bf16_block64_fp32_checkpoint,64,32.156056626355905,1464.1053155772931,27.575782821493892,0.15869529430444168,0.005754879030333345,552,0.004901522821233078,0.03653493139388249,0.06869445495041374,0.5249321460723877
fp8_proxy,gaussian,4096,240,4,full_bf16,,56.73975834302405,1214.6342979602302,59.246036994175434,2.562421452684493,0.04325051231589395,228,0.02945251537896844,0.16260069902174065,0.38534168044649414,12.245996712503256
fp8_proxy,gaussian,4096,240,4,bf16_tree_fp32_recurrent,,56.73975834302405,1214.6342979602302,59.246036994175434,0.13946514864393447,0.0023539996212345055,228,0.0021724737041166446,0.020355012532900427,0.031785046096048875,0.3249816596508026
fp8_proxy,gaussian,4096,240,4,bf16_block64_fp32_checkpoint,64,56.73975834302405,1214.6342979602302,59.246036994175434,0.3432402851497181,0.005793472484639986,228,0.005554090195190955,0.03494271486240812,0.07257771765674793,1.0799270868301392
fp8_proxy,positive,128,1600,4,full_bf16,,1.0,1.0,75.10970022140444,0.4299193039872513,0.005723885233464622,1600,0.003753556027569844,0.011340459994934899,0.014380845893822094,1.4963970184326172
fp8_proxy,positive,128,1600,4,bf16_tree_fp32_recurrent,,1.0,1.0,75.10970022140444,0.03351649729520305,0.00044623393777907345,1600,0.00029822887834914677,0.0008586308731255623,0.001128516732188578,0.1233978271484375
fp8_proxy,positive,128,1600,4,bf16_block64_fp32_checkpoint,64,1.0,1.0,75.10970022140444,0.22407068485573933,0.002983245628663615,1600,0.0020490969310447207,0.005791216978691249,0.007723765769295105,0.7808361053466797
fp8_proxy,positive,1024,600,4,full_bf16,,1.0,1.0,599.9344492146912,11.736842386621305,0.01956354132019711,600,0.01429956466521232,0.03665484803164686,0.04370689874833681,41.099807262420654
fp8_proxy,positive,1024,600,4,bf16_tree_fp32_recurrent,,1.0,1.0,599.9344492146912,0.09925845841656013,0.00016544883952986623,600,0.00011174121927856408,0.00031711841475337495,0.00040142385182174995,0.3362550735473633
fp8_proxy,positive,1024,600,4,bf16_block64_fp32_checkpoint,64,1.0,1.0,599.9344492146912,0.6087630895640089,0.0010147160083253668,600,0.0006638683900083201,0.0019246916214047357,0.0025432084685447095,1.9245948791503906
fp8_proxy,positive,4096,240,4,full_bf16,,1.0,1.0,2397.2398503167315,818.462416702309,0.3414186597115725,240,0.3407297139106783,0.3733070836068279,0.3958773562563675,954.3282034397125
fp8_proxy,positive,4096,240,4,bf16_tree_fp32_recurrent,,1.0,1.0,2397.2398503167315,0.20722866014596003,8.64446918478267e-05,240,6.070992643647232e-05,0.00017334506982777845,0.00022749682545775797,0.607940673828125
fp8_proxy,positive,4096,240,4,bf16_block64_fp32_checkpoint,64,1.0,1.0,2397.2398503167315,1.3483129843139237,0.0005624439223867316,240,0.0003481026079811246,0.001126071271367789,0.001608134333705808,4.412078142166138
fp8_proxy,outlier,128,1600,4,full_bf16,,2.7416293755061663,229.66426221557307,334.90270768922517,2.5391428415810937,0.007581732793684384,1451,0.005541672723530151,0.021546542286436703,0.03946530382437459,21.942535400390625
fp8_proxy,outlier,128,1600,4,bf16_tree_fp32_recurrent,,2.7416293755061663,229.66426221557307,334.90270768922517,0.7006480968474714,0.0020920944523913545,1451,0.001757932017898558,0.009753311469306525,0.017775248804596085,3.03955078125
fp8_proxy,outlier,128,1600,4,bf16_block64_fp32_checkpoint,64,2.7416293755061663,229.66426221557307,334.90270768922517,1.842981637340791,0.00550303594156365,1451,0.004283098235424824,0.020195117423293493,0.0359849766521856,14.600448608398438
fp8_proxy,outlier,1024,600,4,full_bf16,,5.512009314719588,228.80394991256253,338.51265801455406,6.112543386566523,0.018057060029653956,555,0.014708082717031631,0.05726669776056398,0.09234741319322426,27.046802520751953
fp8_proxy,outlier,1024,600,4,bf16_tree_fp32_recurrent,,5.512009314719588,228.80394991256253,338.51265801455406,0.7160610787209449,0.00211531551854158,555,0.0017005953509004437,0.01175504501279902,0.024565425793350186,3.1062536239624023
fp8_proxy,outlier,1024,600,4,bf16_block64_fp32_checkpoint,64,5.512009314719588,228.80394991256253,338.51265801455406,2.197130582088149,0.006490541875080149,555,0.005388410779695886,0.028794703680361952,0.06032451294262411,10.942630767822266
fp8_proxy,outlier,4096,240,4,full_bf16,,14.127126504072645,696.2473074205586,349.1447761853593,13.520727932337387,0.038725276316777246,221,0.02893912686852792,0.10677170285467469,0.24844141832064245,74.1183397769928
fp8_proxy,outlier,4096,240,4,bf16_tree_fp32_recurrent,,14.127126504072645,696.2473074205586,349.1447761853593,0.7365863121562091,0.002109687334302716,221,0.0018491637315870362,0.011365614852326645,0.019257180845487706,2.6199002265930176
fp8_proxy,outlier,4096,240,4,bf16_block64_fp32_checkpoint,64,14.127126504072645,696.2473074205586,349.1447761853593,2.315657587181221,0.006632370710171672,221,0.005455062460120046,0.03191185319009615,0.05563366237830845,10.903397351503372
bf16,gaussian,128,1600,1,full_bf16,,10.266725986665012,301.9311220134675,11.362147852250851,0.14608267793775262,0.012856959778851453,1469,0.00959798755678153,0.04290134131227836,0.08012739030624512,1.019480139017105
bf16,gaussian,128,1600,1,bf16_tree_fp32_recurrent,,10.266725986665012,301.9311220134675,11.362147852250851,0.01906904523510534,0.0016782958189835338,1469,0.0014519445084761058,0.008935726105690957,0.018708172017861256,0.07432734966278076
bf16,gaussian,128,1600,1,bf16_block64_fp32_checkpoint,64,10.266725986665012,301.9311220134675,11.362147852250851,0.10820633537757715,0.009523404974539332,1469,0.007449958641903542,0.036843010802734916,0.08324780738750692,0.6214683055877686
bf16,gaussian,1024,600,1,full_bf16,,27.865350156260902,961.8620598556631,32.622611870661565,1.0850963389109076,0.033262092661770146,535,0.02426201661428153,0.10905606092871133,0.1791968252630704,4.608541265130043
bf16,gaussian,1024,600,1,bf16_tree_fp32_recurrent,,27.865350156260902,961.8620598556631,32.622611870661565,0.053054548025766146,0.0016263120879502478,535,0.0013753949446577303,0.00882392134396895,0.017403583933375644,0.15700054168701172
bf16,gaussian,1024,600,1,bf16_block64_fp32_checkpoint,64,27.865350156260902,961.8620598556631,32.622611870661565,0.30715163531658446,0.009415298705521939,535,0.007492204191795957,0.04683334642273419,0.10071379913890223,1.1226532347500324
bf16,gaussian,4096,240,1,full_bf16,,67.52754922203519,1445.5150796388066,61.568387744440486,4.630356015979031,0.07520671217181814,221,0.055579043762853726,0.24593573574105473,0.38752231557627964,22.831568947527558
bf16,gaussian,4096,240,1,bf16_tree_fp32_recurrent,,67.52754922203519,1445.5150796388066,61.568387744440486,0.11077571860861785,0.0017992304600930645,221,0.0013881543484345416,0.013116257740544495,0.020654457560995463,0.3834013915620744
bf16,gaussian,4096,240,1,bf16_block64_fp32_checkpoint,64,67.52754922203519,1445.5150796388066,61.568387744440486,0.645872619533171,0.010490328611723183,221,0.009368006456004599,0.06115557179715928,0.13995045547992913,1.8797661382704973
bf16,positive,128,1600,1,full_bf16,,1.0,1.0,81.93613698792541,1.2676116890196278,0.015470728003767501,1600,0.011770688239567064,0.029323490598939406,0.03716819036965816,3.8567469716072083
bf16,positive,128,1600,1,bf16_tree_fp32_recurrent,,1.0,1.0,81.93613698792541,0.01934075433223686,0.00023604669494104938,1600,0.00016476998324530732,0.0004654120236379513,0.0005984590855933163,0.06724023818969727
bf16,positive,128,1600,1,bf16_block64_fp32_checkpoint,64,1.0,1.0,81.93613698792541,0.5604077715551471,0.006839567889778988,1600,0.004874103989905173,0.013068396302381019,0.01621960530797555,2.04204922914505
bf16,positive,1024,600,1,full_bf16,,1.0,1.0,653.0146942611977,131.80238494562414,0.20183678270018351,600,0.2007110515385976,0.22700849104796825,0.23601058080564657,171.05959155177698
bf16,positive,1024,600,1,bf16_tree_fp32_recurrent,,1.0,1.0,653.0146942611977,0.058133654354247735,8.902350110209771e-05,600,6.0040983889051165e-05,0.00017152960288975168,0.00021690045792141432,0.20652971434719802
bf16,positive,1024,600,1,bf16_block64_fp32_checkpoint,64,1.0,1.0,653.0146942611977,2.5876286455579582,0.003962588695627329,600,0.0033880979937390317,0.006489996792711503,0.007793321812378478,6.184591551776975
bf16,positive,4096,240,1,full_bf16,,1.0,1.0,2603.246541534294,1526.0806176025403,0.5862220858663287,240,0.5858037606403637,0.6007716011295595,0.606121149057347,1659.9182240068913
bf16,positive,4096,240,1,bf16_tree_fp32_recurrent,,1.0,1.0,2603.246541534294,0.15507264208664437,5.9568941939416964e-05,240,4.233611642858253e-05,0.00011410952545719548,0.00013690427820934532,0.3889552978798747
bf16,positive,4096,240,1,bf16_block64_fp32_checkpoint,64,1.0,1.0,2603.246541534294,9.424976055565496,0.0036204700189520394,240,0.0034738935068808147,0.005214179975055335,0.005913100381659526,15.805372685194016
bf16,outlier,128,1600,1,full_bf16,,2.903537517112361,144.54074051589615,358.86175689453296,3.7528051249713035,0.01045752313494421,1445,0.008311694776213522,0.03774620937349151,0.07802301776461715,20.28218676149845
bf16,outlier,128,1600,1,bf16_tree_fp32_recurrent,,2.903537517112361,144.54074051589615,358.86175689453296,0.6224545113859776,0.0017345245054042155,1445,0.0014425459393520067,0.00700528315906712,0.016423249068820877,3.1696765422821045
bf16,outlier,128,1600,1,bf16_block64_fp32_checkpoint,64,2.903537517112361,144.54074051589615,358.86175689453296,3.0818730926728746,0.00858791173331578,1445,0.007161312663852921,0.03927609931283707,0.083922795711464,18.524277091026306
bf16,outlier,1024,600,1,full_bf16,,5.4794729450202535,306.4674792126632,368.5554218715275,10.301651411726512,0.027951430912112593,545,0.02417692370305814,0.12210034913963998,0.23211973017754045,51.35362631641328
bf16,outlier,1024,600,1,bf16_tree_fp32_recurrent,,5.4794729450202535,306.4674792126632,368.5554218715275,0.5783261472770556,0.0015691700975129074,545,0.0014720033129019738,0.007147120375893789,0.0160334858906864,1.9107043743133545
bf16,outlier,1024,600,1,bf16_block64_fp32_checkpoint,64,5.4794729450202535,306.4674792126632,368.5554218715275,3.8645663727523893,0.010485712984842521,545,0.009073287848297074,0.06195520633607452,0.10586763871210891,17.97857347689569
bf16,outlier,4096,240,1,full_bf16,,12.227644604363173,1444.6142775876406,370.2921901511431,22.358711649488846,0.06038126712951369,209,0.04089242380944901,0.15034930470386154,0.23842261272097273,87.0333984051831
bf16,outlier,4096,240,1,bf16_tree_fp32_recurrent,,12.227644604363173,1444.6142775876406,370.2921901511431,0.6580432935513182,0.0017770920128850761,209,0.0012607901065183416,0.005448296875906828,0.015248846584815269,2.6978507842868567
bf16,outlier,4096,240,1,bf16_block64_fp32_checkpoint,64,12.227644604363173,1444.6142775876406,370.2921901511431,4.1477244531384265,0.011201220450924011,209,0.009545071641395585,0.04524827814038939,0.07014582546791996,16.883727617561817
